#
# There is insufficient memory for the Java Runtime Environment to continue.
# Native memory allocation (malloc) failed to allocate 1419776 bytes for Chunk::new
# Possible reasons:
#   The system is out of physical RAM or swap space
#   The process is running with CompressedOops enabled, and the Java Heap may be blocking the growth of the native heap
# Possible solutions:
#   Reduce memory load on the system
#   Increase physical memory or swap space
#   Check if swap backing store is full
#   Decrease Java heap size (-Xmx/-Xms)
#   Decrease number of Java threads
#   Decrease Java thread stack sizes (-Xss)
#   Set larger code cache with -XX:ReservedCodeCacheSize=
#   JVM is running with Zero Based Compressed Oops mode in which the Java heap is
#     placed in the first 32GB address space. The Java Heap base address is the
#     maximum limit for the native heap growth. Please use -XX:HeapBaseMinAddress
#     to set the Java Heap base and to place the Java Heap above 32GB virtual address.
# This output file may be truncated or incomplete.
#
#  Out of Memory Error (arena.cpp:168), pid=12724, tid=27056
#
# JRE version: Java(TM) SE Runtime Environment (21.0.8+12) (build 21.0.8+12-LTS-250)
# Java VM: Java HotSpot(TM) 64-Bit Server VM (21.0.8+12-LTS-250, mixed mode, sharing, tiered, compressed oops, compressed class ptrs, g1 gc, windows-amd64)
# No core dump will be written. Minidumps are not enabled by default on client versions of Windows
#

---------------  S U M M A R Y ------------

Command Line: -XX:MaxMetaspaceSize=1024m -XX:+HeapDumpOnOutOfMemoryError --add-opens=java.base/java.util=ALL-UNNAMED --add-opens=java.base/java.lang=ALL-UNNAMED --add-opens=java.base/java.lang.invoke=ALL-UNNAMED --add-opens=java.prefs/java.util.prefs=ALL-UNNAMED --add-opens=java.base/java.nio.charset=ALL-UNNAMED --add-opens=java.base/java.net=ALL-UNNAMED --add-opens=java.base/java.util.concurrent.atomic=ALL-UNNAMED -Xmx4096m -Dfile.encoding=UTF-8 -Duser.country=IN -Duser.language=en -Duser.variant -javaagent:D:\GradleHome\wrapper\dists\gradle-8.5-bin\5t9huq95ubn472n8rpzujfbqh\gradle-8.5\lib\agents\gradle-instrumentation-agent-8.5.jar org.gradle.launcher.daemon.bootstrap.GradleDaemon 8.5

Host: 13th Gen Intel(R) Core(TM) i5-13500H, 16 cores, 15G,  Windows 11 , 64 bit Build 26100 (10.0.26100.9168)
Time: Thu Aug 27 01:02:46 2026 India Standard Time elapsed time: 2259.090456 seconds (0d 0h 37m 39s)

---------------  T H R E A D  ---------------

Current thread (0x000001d1754c3130):  JavaThread "C2 CompilerThread3" daemon [_thread_in_native, id=27056, stack(0x0000009bed400000,0x0000009bed500000) (1024K)]


Current CompileTask:
C2:2259090 29736       4       com.android.tools.r8.ir.regalloc.b::a (1521 bytes)

Stack: [0x0000009bed400000,0x0000009bed500000]
Native frames: (J=compiled Java code, j=interpreted, Vv=VM code, C=native code)
V  [jvm.dll+0x6cc179]
V  [jvm.dll+0x8584c1]
V  [jvm.dll+0x85a9ee]
V  [jvm.dll+0x85b0c3]
V  [jvm.dll+0x27ebf6]
V  [jvm.dll+0xc4f4d]
V  [jvm.dll+0xc5483]
V  [jvm.dll+0x2f209d]
V  [jvm.dll+0x5f6daa]
V  [jvm.dll+0x250702]
V  [jvm.dll+0x250abf]
V  [jvm.dll+0x2495dc]
V  [jvm.dll+0x246b44]
V  [jvm.dll+0x1c7a3e]
V  [jvm.dll+0x256359]
V  [jvm.dll+0x2548ea]
V  [jvm.dll+0x3efef6]
V  [jvm.dll+0x80279b]
V  [jvm.dll+0x6ca85d]
C  [ucrtbase.dll+0x2cd30]
C  [KERNEL32.DLL+0x2ccb7]
C  [ntdll.dll+0xaad6c]


---------------  P R O C E S S  ---------------

Threads class SMR info:
_java_thread_list=0x000001d172ed9f80, length=150, elements={
0x000001d145e13d60, 0x000001d167fdc6d0, 0x000001d167fdf630, 0x000001d167fe3ad0,
0x000001d167fe4780, 0x000001d167fe6020, 0x000001d167fe7790, 0x000001d167fee0e0,
0x000001d167ff5d50, 0x000001d168309940, 0x000001d16844ff80, 0x000001d16d2875b0,
0x000001d16d9bbe80, 0x000001d16df4a770, 0x000001d16dbd5a00, 0x000001d16dbd6db0,
0x000001d16dbd7ad0, 0x000001d16dbd7440, 0x000001d16dbd6720, 0x000001d1703cfb90,
0x000001d1703d15d0, 0x000001d1703d0220, 0x000001d1703d08b0, 0x000001d1703d1c60,
0x000001d1703d3010, 0x000001d1703d50e0, 0x000001d1703d5770, 0x000001d1703d4a50,
0x000001d1703d22f0, 0x000001d1703d5e00, 0x000001d1703d2980, 0x000001d1703d36a0,
0x000001d1703d3d30, 0x000001d16ed056a0, 0x000001d16ed05010, 0x000001d16ed035d0,
0x000001d16ed02f40, 0x000001d16ed03c60, 0x000001d16d6b27f0, 0x000001d170997da0,
0x000001d170997080, 0x000001d170999e70, 0x000001d17099ab90, 0x000001d17099a500,
0x000001d170999150, 0x000001d170997710, 0x000001d170998430, 0x000001d170998ac0,
0x000001d17099b220, 0x000001d17099d2f0, 0x000001d1709a1490, 0x000001d17099ed30,
0x000001d17099e010, 0x000001d1709a00e0, 0x000001d1709a1b20, 0x000001d1709a0770,
0x000001d1709a0e00, 0x000001d17099e6a0, 0x000001d1709a4910, 0x000001d1709a5630,
0x000001d1709a4fa0, 0x000001d1709a21b0, 0x000001d1709a5cc0, 0x000001d1709a2840,
0x000001d1709a6350, 0x000001d1709a2ed0, 0x000001d1709a3560, 0x000001d1709a3bf0,
0x000001d174082270, 0x000001d1740849d0, 0x000001d174082900, 0x000001d174081550,
0x000001d174082f90, 0x000001d174083620, 0x000001d174083cb0, 0x000001d174085060,
0x000001d174081be0, 0x000001d1740884e0, 0x000001d174086410, 0x000001d174087e50,
0x000001d174088b70, 0x000001d174089200, 0x000001d174085d80, 0x000001d174089f20,
0x000001d17408a5b0, 0x000001d1740877c0, 0x000001d17408cd10, 0x000001d17408da30,
0x000001d17408ac40, 0x000001d17408b960, 0x000001d17408bff0, 0x000001d17408d3a0,
0x000001d17408e0c0, 0x000001d17408e750, 0x000001d17408c680, 0x000001d17408b2d0,
0x000001d17408ede0, 0x000001d17408f470, 0x000001d17408fb00, 0x000001d174090190,
0x000001d174b26970, 0x000001d174b290d0, 0x000001d174b25c50, 0x000001d174b29760,
0x000001d174b283b0, 0x000001d174b27d20, 0x000001d174b262e0, 0x000001d174b29df0,
0x000001d174b2a480, 0x000001d174b27690, 0x000001d174b27000, 0x000001d174b2cbe0,
0x000001d174b2d900, 0x000001d174b2b830, 0x000001d174b2e620, 0x000001d174b2bec0,
0x000001d174b2d270, 0x000001d174b2c550, 0x000001d174b2df90, 0x000001d174b2b1a0,
0x000001d174b31410, 0x000001d174b31aa0, 0x000001d174b32130, 0x000001d174b30060,
0x000001d174b2f340, 0x000001d174b306f0, 0x000001d174b334e0, 0x000001d174b33b70,
0x000001d174b30d80, 0x000001d174b34890, 0x000001d174b34f20, 0x000001d17341c330,
0x000001d17341af80, 0x000001d17341a8f0, 0x000001d17341b610, 0x000001d173418eb0,
0x000001d17341c9c0, 0x000001d17341bca0, 0x000001d173419540, 0x000001d17341d050,
0x000001d167ff4210, 0x000001d167ff48e0, 0x000001d173419bd0, 0x000001d17341d6e0,
0x000001d1754c3130, 0x000001d17341dd70, 0x000001d1754c2a60, 0x000001d171738ed0,
0x000001d171738130, 0x000001d171ac9520
}
_to_delete_list=0x000001d1732746e0, length=151, elements={
0x000001d145e13d60, 0x000001d167fdc6d0, 0x000001d167fdf630, 0x000001d167fe3ad0,
0x000001d167fe4780, 0x000001d167fe6020, 0x000001d167fe7790, 0x000001d167fee0e0,
0x000001d167ff5d50, 0x000001d168309940, 0x000001d16844ff80, 0x000001d16d2875b0,
0x000001d16d9bbe80, 0x000001d16df4a770, 0x000001d16dbd5a00, 0x000001d16dbd6db0,
0x000001d16dbd7ad0, 0x000001d16dbd7440, 0x000001d16dbd6720, 0x000001d1703cfb90,
0x000001d1703d15d0, 0x000001d1703d0220, 0x000001d1703d08b0, 0x000001d1703d1c60,
0x000001d1703d3010, 0x000001d1703d50e0, 0x000001d1703d5770, 0x000001d1703d4a50,
0x000001d1703d22f0, 0x000001d1703d5e00, 0x000001d1703d2980, 0x000001d1703d36a0,
0x000001d1703d3d30, 0x000001d16ed056a0, 0x000001d16ed05010, 0x000001d16ed035d0,
0x000001d16ed02f40, 0x000001d16ed03c60, 0x000001d16d6b27f0, 0x000001d170997da0,
0x000001d170997080, 0x000001d170999e70, 0x000001d17099ab90, 0x000001d17099a500,
0x000001d170999150, 0x000001d170997710, 0x000001d170998430, 0x000001d170998ac0,
0x000001d17099b220, 0x000001d17099d2f0, 0x000001d1709a1490, 0x000001d17099ed30,
0x000001d17099e010, 0x000001d1709a00e0, 0x000001d1709a1b20, 0x000001d1709a0770,
0x000001d1709a0e00, 0x000001d17099e6a0, 0x000001d1709a4910, 0x000001d1709a5630,
0x000001d1709a4fa0, 0x000001d1709a21b0, 0x000001d1709a5cc0, 0x000001d1709a2840,
0x000001d1709a6350, 0x000001d1709a2ed0, 0x000001d1709a3560, 0x000001d1709a3bf0,
0x000001d174082270, 0x000001d1740849d0, 0x000001d174082900, 0x000001d174081550,
0x000001d174082f90, 0x000001d174083620, 0x000001d174083cb0, 0x000001d174085060,
0x000001d174081be0, 0x000001d1740884e0, 0x000001d174086410, 0x000001d174087e50,
0x000001d174088b70, 0x000001d174089200, 0x000001d174085d80, 0x000001d174089f20,
0x000001d17408a5b0, 0x000001d1740877c0, 0x000001d17408cd10, 0x000001d17408da30,
0x000001d17408ac40, 0x000001d17408b960, 0x000001d17408bff0, 0x000001d17408d3a0,
0x000001d17408e0c0, 0x000001d17408e750, 0x000001d17408c680, 0x000001d17408b2d0,
0x000001d17408ede0, 0x000001d17408f470, 0x000001d17408fb00, 0x000001d174090190,
0x000001d174b26970, 0x000001d174b290d0, 0x000001d174b25c50, 0x000001d174b29760,
0x000001d174b283b0, 0x000001d174b27d20, 0x000001d174b262e0, 0x000001d174b29df0,
0x000001d174b2a480, 0x000001d174b27690, 0x000001d174b27000, 0x000001d174b2cbe0,
0x000001d174b2d900, 0x000001d174b2b830, 0x000001d174b2e620, 0x000001d174b2bec0,
0x000001d174b2d270, 0x000001d174b2c550, 0x000001d174b2df90, 0x000001d174b2b1a0,
0x000001d174b31410, 0x000001d174b31aa0, 0x000001d174b32130, 0x000001d174b30060,
0x000001d174b2f340, 0x000001d174b306f0, 0x000001d174b334e0, 0x000001d174b33b70,
0x000001d174b30d80, 0x000001d174b34890, 0x000001d174b34f20, 0x000001d17341c330,
0x000001d17341af80, 0x000001d17341a8f0, 0x000001d17341b610, 0x000001d173418eb0,
0x000001d17341c9c0, 0x000001d17341bca0, 0x000001d173419540, 0x000001d17341d050,
0x000001d167ff4210, 0x000001d167ff48e0, 0x000001d173419bd0, 0x000001d17341d6e0,
0x000001d1754c3130, 0x000001d17341dd70, 0x000001d1754c2a60, 0x000001d1754c6e80,
0x000001d171738ed0, 0x000001d171738130, 0x000001d171ac9520
}

Java Threads: ( => current thread )
  0x000001d145e13d60 JavaThread "main"                              [_thread_blocked, id=16580, stack(0x0000009be3200000,0x0000009be3300000) (1024K)]
  0x000001d167fdc6d0 JavaThread "Reference Handler"          daemon [_thread_blocked, id=29556, stack(0x0000009be3a00000,0x0000009be3b00000) (1024K)]
  0x000001d167fdf630 JavaThread "Finalizer"                  daemon [_thread_blocked, id=6640, stack(0x0000009be3b00000,0x0000009be3c00000) (1024K)]
  0x000001d167fe3ad0 JavaThread "Signal Dispatcher"          daemon [_thread_blocked, id=36372, stack(0x0000009be3c00000,0x0000009be3d00000) (1024K)]
  0x000001d167fe4780 JavaThread "Attach Listener"            daemon [_thread_blocked, id=31484, stack(0x0000009be3d00000,0x0000009be3e00000) (1024K)]
  0x000001d167fe6020 JavaThread "Service Thread"             daemon [_thread_in_vm, id=3132, stack(0x0000009be3e00000,0x0000009be3f00000) (1024K)]
  0x000001d167fe7790 JavaThread "Monitor Deflation Thread"   daemon [_thread_blocked, id=9460, stack(0x0000009be3f00000,0x0000009be4000000) (1024K)]
  0x000001d167fee0e0 JavaThread "C2 CompilerThread0"         daemon [_thread_in_native, id=39536, stack(0x0000009be4000000,0x0000009be4100000) (1024K)]
  0x000001d167ff5d50 JavaThread "C1 CompilerThread0"         daemon [_thread_in_native, id=14772, stack(0x0000009be4100000,0x0000009be4200000) (1024K)]
  0x000001d168309940 JavaThread "Common-Cleaner"             daemon [_thread_blocked, id=41796, stack(0x0000009be4300000,0x0000009be4400000) (1024K)]
  0x000001d16844ff80 JavaThread "Notification Thread"        daemon [_thread_blocked, id=6540, stack(0x0000009be4700000,0x0000009be4800000) (1024K)]
  0x000001d16d2875b0 JavaThread "Daemon health stats"               [_thread_blocked, id=38456, stack(0x0000009be4f00000,0x0000009be5000000) (1024K)]
  0x000001d16d9bbe80 JavaThread "Incoming local TCP Connector on port 61651"        [_thread_in_native, id=31124, stack(0x0000009be5000000,0x0000009be5100000) (1024K)]
  0x000001d16df4a770 JavaThread "Daemon periodic checks"            [_thread_blocked, id=35048, stack(0x0000009be5100000,0x0000009be5200000) (1024K)]
  0x000001d16dbd5a00 JavaThread "Cache worker for journal cache (D:\GradleHome\caches\journal-1)"        [_thread_blocked, id=30408, stack(0x0000009be5900000,0x0000009be5a00000) (1024K)]
  0x000001d16dbd6db0 JavaThread "File lock request listener"        [_thread_in_native, id=27960, stack(0x0000009be5a00000,0x0000009be5b00000) (1024K)]
  0x000001d16dbd7ad0 JavaThread "Cache worker for file hash cache (D:\GradleHome\caches\8.5\fileHashes)"        [_thread_blocked, id=41040, stack(0x0000009be4900000,0x0000009be4a00000) (1024K)]
  0x000001d16dbd7440 JavaThread "File watcher server"        daemon [_thread_in_native, id=23128, stack(0x0000009be6500000,0x0000009be6600000) (1024K)]
  0x000001d16dbd6720 JavaThread "File watcher consumer"      daemon [_thread_blocked, id=24924, stack(0x0000009be6600000,0x0000009be6700000) (1024K)]
  0x000001d1703cfb90 JavaThread "Cache worker for file content cache (D:\GradleHome\caches\8.5\fileContent)"        [_thread_blocked, id=14656, stack(0x0000009be6b00000,0x0000009be6c00000) (1024K)]
  0x000001d1703d15d0 JavaThread "Cache worker for execution history cache (D:\GradleHome\caches\8.5\executionHistory)"        [_thread_blocked, id=36744, stack(0x0000009be5b00000,0x0000009be5c00000) (1024K)]
  0x000001d1703d0220 JavaThread "jar transforms"                    [_thread_blocked, id=42484, stack(0x0000009be7100000,0x0000009be7200000) (1024K)]
  0x000001d1703d08b0 JavaThread "jar transforms Thread 2"           [_thread_blocked, id=21200, stack(0x0000009be6f00000,0x0000009be7000000) (1024K)]
  0x000001d1703d1c60 JavaThread "jar transforms Thread 3"           [_thread_blocked, id=3108, stack(0x0000009be6e00000,0x0000009be6f00000) (1024K)]
  0x000001d1703d3010 JavaThread "jar transforms Thread 4"           [_thread_blocked, id=25624, stack(0x0000009be7000000,0x0000009be7100000) (1024K)]
  0x000001d1703d50e0 JavaThread "jar transforms Thread 5"           [_thread_blocked, id=21892, stack(0x0000009be7200000,0x0000009be7300000) (1024K)]
  0x000001d1703d5770 JavaThread "jar transforms Thread 6"           [_thread_blocked, id=12924, stack(0x0000009be7300000,0x0000009be7400000) (1024K)]
  0x000001d1703d4a50 JavaThread "jar transforms Thread 7"           [_thread_blocked, id=34792, stack(0x0000009be7400000,0x0000009be7500000) (1024K)]
  0x000001d1703d22f0 JavaThread "jar transforms Thread 8"           [_thread_blocked, id=18512, stack(0x0000009be7500000,0x0000009be7600000) (1024K)]
  0x000001d1703d5e00 JavaThread "jar transforms Thread 9"           [_thread_blocked, id=21756, stack(0x0000009be7600000,0x0000009be7700000) (1024K)]
  0x000001d1703d2980 JavaThread "jar transforms Thread 10"          [_thread_blocked, id=14716, stack(0x0000009be7700000,0x0000009be7800000) (1024K)]
  0x000001d1703d36a0 JavaThread "jar transforms Thread 11"          [_thread_blocked, id=34592, stack(0x0000009be7800000,0x0000009be7900000) (1024K)]
  0x000001d1703d3d30 JavaThread "jar transforms Thread 12"          [_thread_blocked, id=29284, stack(0x0000009be7900000,0x0000009be7a00000) (1024K)]
  0x000001d16ed056a0 JavaThread "jar transforms Thread 13"          [_thread_blocked, id=17976, stack(0x0000009be7a00000,0x0000009be7b00000) (1024K)]
  0x000001d16ed05010 JavaThread "jar transforms Thread 14"          [_thread_blocked, id=14568, stack(0x0000009be7b00000,0x0000009be7c00000) (1024K)]
  0x000001d16ed035d0 JavaThread "jar transforms Thread 15"          [_thread_blocked, id=2624, stack(0x0000009be7c00000,0x0000009be7d00000) (1024K)]
  0x000001d16ed02f40 JavaThread "jar transforms Thread 16"          [_thread_blocked, id=29224, stack(0x0000009be7d00000,0x0000009be7e00000) (1024K)]
  0x000001d16ed03c60 JavaThread "Cache worker for kotlin-dsl (D:\GradleHome\caches\8.5\kotlin-dsl)"        [_thread_blocked, id=15692, stack(0x0000009be8000000,0x0000009be8100000) (1024K)]
  0x000001d16d6b27f0 JavaThread "Memory manager"                    [_thread_blocked, id=35400, stack(0x0000009be9000000,0x0000009be9100000) (1024K)]
  0x000001d170997da0 JavaThread "Daemon Thread 4"                   [_thread_blocked, id=36348, stack(0x0000009be2f00000,0x0000009be3000000) (1024K)]
  0x000001d170997080 JavaThread "Handler for socket connection from /127.0.0.1:61651 to /127.0.0.1:49400"        [_thread_in_native, id=31780, stack(0x0000009be3000000,0x0000009be3100000) (1024K)]
  0x000001d170999e70 JavaThread "Cancel handler"                    [_thread_blocked, id=38184, stack(0x0000009be3100000,0x0000009be3200000) (1024K)]
  0x000001d17099ab90 JavaThread "Daemon worker Thread 4"            [_thread_blocked, id=34392, stack(0x0000009be4200000,0x0000009be4300000) (1024K)]
  0x000001d17099a500 JavaThread "Asynchronous log dispatcher for DefaultDaemonConnection: socket connection from /127.0.0.1:61651 to /127.0.0.1:49400"        [_thread_blocked, id=17324, stack(0x0000009be4400000,0x0000009be4500000) (1024K)]
  0x000001d170999150 JavaThread "Stdin handler"                     [_thread_blocked, id=16640, stack(0x0000009be4500000,0x0000009be4600000) (1024K)]
  0x000001d170997710 JavaThread "Daemon client event forwarder"        [_thread_blocked, id=26048, stack(0x0000009be4600000,0x0000009be4700000) (1024K)]
  0x000001d170998430 JavaThread "Cache worker for checksums cache (E:\SURBHI\onshift\apps\android\.gradle\8.5\checksums)"        [_thread_blocked, id=37308, stack(0x0000009be4800000,0x0000009be4900000) (1024K)]
  0x000001d170998ac0 JavaThread "Cache worker for file hash cache (E:\SURBHI\onshift\apps\android\.gradle\8.5\fileHashes)"        [_thread_blocked, id=8876, stack(0x0000009be5200000,0x0000009be5300000) (1024K)]
  0x000001d17099b220 JavaThread "Cache worker for cache directory md-supplier (D:\GradleHome\caches\8.5\md-supplier)"        [_thread_blocked, id=39112, stack(0x0000009be5300000,0x0000009be5400000) (1024K)]
  0x000001d17099d2f0 JavaThread "Cache worker for cache directory md-rule (D:\GradleHome\caches\8.5\md-rule)"        [_thread_blocked, id=10584, stack(0x0000009be5400000,0x0000009be5500000) (1024K)]
  0x000001d1709a1490 JavaThread "Cache worker for dependencies-accessors (E:\SURBHI\onshift\apps\android\.gradle\8.5\dependencies-accessors)"        [_thread_blocked, id=10396, stack(0x0000009be5500000,0x0000009be5600000) (1024K)]
  0x000001d17099ed30 JavaThread "Cache worker for Build Output Cleanup Cache (E:\SURBHI\onshift\apps\android\.gradle\buildOutputCleanup)"        [_thread_blocked, id=31644, stack(0x0000009be5600000,0x0000009be5700000) (1024K)]
  0x000001d17099e010 JavaThread "Unconstrained build operations"        [_thread_blocked, id=33100, stack(0x0000009be6700000,0x0000009be6800000) (1024K)]
  0x000001d1709a00e0 JavaThread "Unconstrained build operations Thread 2"        [_thread_blocked, id=32724, stack(0x0000009be6800000,0x0000009be6900000) (1024K)]
  0x000001d1709a1b20 JavaThread "Unconstrained build operations Thread 3"        [_thread_blocked, id=22060, stack(0x0000009be6900000,0x0000009be6a00000) (1024K)]
  0x000001d1709a0770 JavaThread "Unconstrained build operations Thread 4"        [_thread_blocked, id=30628, stack(0x0000009be6a00000,0x0000009be6b00000) (1024K)]
  0x000001d1709a0e00 JavaThread "Unconstrained build operations Thread 5"        [_thread_blocked, id=12224, stack(0x0000009be6c00000,0x0000009be6d00000) (1024K)]
  0x000001d17099e6a0 JavaThread "Unconstrained build operations Thread 6"        [_thread_blocked, id=26168, stack(0x0000009be6d00000,0x0000009be6e00000) (1024K)]
  0x000001d1709a4910 JavaThread "Unconstrained build operations Thread 7"        [_thread_blocked, id=15404, stack(0x0000009be7e00000,0x0000009be7f00000) (1024K)]
  0x000001d1709a5630 JavaThread "Unconstrained build operations Thread 8"        [_thread_blocked, id=10448, stack(0x0000009be7f00000,0x0000009be8000000) (1024K)]
  0x000001d1709a4fa0 JavaThread "Unconstrained build operations Thread 9"        [_thread_blocked, id=17744, stack(0x0000009be8100000,0x0000009be8200000) (1024K)]
  0x000001d1709a21b0 JavaThread "Unconstrained build operations Thread 10"        [_thread_blocked, id=18792, stack(0x0000009be8200000,0x0000009be8300000) (1024K)]
  0x000001d1709a5cc0 JavaThread "Unconstrained build operations Thread 11"        [_thread_blocked, id=22168, stack(0x0000009be8300000,0x0000009be8400000) (1024K)]
  0x000001d1709a2840 JavaThread "Unconstrained build operations Thread 12"        [_thread_blocked, id=18004, stack(0x0000009be8400000,0x0000009be8500000) (1024K)]
  0x000001d1709a6350 JavaThread "Unconstrained build operations Thread 13"        [_thread_blocked, id=42644, stack(0x0000009be8500000,0x0000009be8600000) (1024K)]
  0x000001d1709a2ed0 JavaThread "Unconstrained build operations Thread 14"        [_thread_blocked, id=26812, stack(0x0000009be8600000,0x0000009be8700000) (1024K)]
  0x000001d1709a3560 JavaThread "Unconstrained build operations Thread 15"        [_thread_blocked, id=40932, stack(0x0000009be8700000,0x0000009be8800000) (1024K)]
  0x000001d1709a3bf0 JavaThread "build event listener"              [_thread_blocked, id=25956, stack(0x0000009be8800000,0x0000009be8900000) (1024K)]
  0x000001d174082270 JavaThread "included builds"                   [_thread_blocked, id=29996, stack(0x0000009be8b00000,0x0000009be8c00000) (1024K)]
  0x000001d1740849d0 JavaThread "Execution worker"                  [_thread_blocked, id=37152, stack(0x0000009be8c00000,0x0000009be8d00000) (1024K)]
  0x000001d174082900 JavaThread "Execution worker Thread 2"         [_thread_blocked, id=38968, stack(0x0000009be8d00000,0x0000009be8e00000) (1024K)]
  0x000001d174081550 JavaThread "Execution worker Thread 3"         [_thread_blocked, id=4240, stack(0x0000009be8e00000,0x0000009be8f00000) (1024K)]
  0x000001d174082f90 JavaThread "Execution worker Thread 4"         [_thread_blocked, id=18964, stack(0x0000009be8f00000,0x0000009be9000000) (1024K)]
  0x000001d174083620 JavaThread "Execution worker Thread 5"         [_thread_blocked, id=16120, stack(0x0000009be9100000,0x0000009be9200000) (1024K)]
  0x000001d174083cb0 JavaThread "Execution worker Thread 6"         [_thread_blocked, id=19856, stack(0x0000009be9200000,0x0000009be9300000) (1024K)]
  0x000001d174085060 JavaThread "Execution worker Thread 7"         [_thread_blocked, id=20592, stack(0x0000009be9300000,0x0000009be9400000) (1024K)]
  0x000001d174081be0 JavaThread "Execution worker Thread 8"         [_thread_blocked, id=42632, stack(0x0000009be9400000,0x0000009be9500000) (1024K)]
  0x000001d1740884e0 JavaThread "Execution worker Thread 9"         [_thread_blocked, id=40748, stack(0x0000009be9500000,0x0000009be9600000) (1024K)]
  0x000001d174086410 JavaThread "Execution worker Thread 10"        [_thread_blocked, id=15716, stack(0x0000009be9600000,0x0000009be9700000) (1024K)]
  0x000001d174087e50 JavaThread "Execution worker Thread 11"        [_thread_blocked, id=7488, stack(0x0000009be9700000,0x0000009be9800000) (1024K)]
  0x000001d174088b70 JavaThread "Execution worker Thread 12"        [_thread_blocked, id=15396, stack(0x0000009be9800000,0x0000009be9900000) (1024K)]
  0x000001d174089200 JavaThread "Execution worker Thread 13"        [_thread_blocked, id=25488, stack(0x0000009be9900000,0x0000009be9a00000) (1024K)]
  0x000001d174085d80 JavaThread "Execution worker Thread 14"        [_thread_blocked, id=37616, stack(0x0000009be9a00000,0x0000009be9b00000) (1024K)]
  0x000001d174089f20 JavaThread "Execution worker Thread 15"        [_thread_blocked, id=37380, stack(0x0000009be9b00000,0x0000009be9c00000) (1024K)]
  0x000001d17408a5b0 JavaThread "Cache worker for execution history cache (E:\SURBHI\onshift\apps\android\.gradle\8.5\executionHistory)"        [_thread_blocked, id=20608, stack(0x0000009be9c00000,0x0000009be9d00000) (1024K)]
  0x000001d1740877c0 JavaThread "Unconstrained build operations Thread 16"        [_thread_blocked, id=25972, stack(0x0000009be9d00000,0x0000009be9e00000) (1024K)]
  0x000001d17408cd10 JavaThread "Unconstrained build operations Thread 17"        [_thread_blocked, id=11492, stack(0x0000009be9e00000,0x0000009be9f00000) (1024K)]
  0x000001d17408da30 JavaThread "Unconstrained build operations Thread 18"        [_thread_blocked, id=33724, stack(0x0000009be9f00000,0x0000009bea000000) (1024K)]
  0x000001d17408ac40 JavaThread "Unconstrained build operations Thread 19"        [_thread_blocked, id=4416, stack(0x0000009bea000000,0x0000009bea100000) (1024K)]
  0x000001d17408b960 JavaThread "Unconstrained build operations Thread 20"        [_thread_blocked, id=14112, stack(0x0000009bea100000,0x0000009bea200000) (1024K)]
  0x000001d17408bff0 JavaThread "Unconstrained build operations Thread 21"        [_thread_blocked, id=26128, stack(0x0000009bea200000,0x0000009bea300000) (1024K)]
  0x000001d17408d3a0 JavaThread "Unconstrained build operations Thread 22"        [_thread_blocked, id=25180, stack(0x0000009bea300000,0x0000009bea400000) (1024K)]
  0x000001d17408e0c0 JavaThread "Unconstrained build operations Thread 23"        [_thread_blocked, id=23860, stack(0x0000009bea400000,0x0000009bea500000) (1024K)]
  0x000001d17408e750 JavaThread "Unconstrained build operations Thread 24"        [_thread_blocked, id=5560, stack(0x0000009bea500000,0x0000009bea600000) (1024K)]
  0x000001d17408c680 JavaThread "Unconstrained build operations Thread 25"        [_thread_blocked, id=37004, stack(0x0000009bea600000,0x0000009bea700000) (1024K)]
  0x000001d17408b2d0 JavaThread "Unconstrained build operations Thread 26"        [_thread_blocked, id=10008, stack(0x0000009bea700000,0x0000009bea800000) (1024K)]
  0x000001d17408ede0 JavaThread "Unconstrained build operations Thread 27"        [_thread_blocked, id=24256, stack(0x0000009bea800000,0x0000009bea900000) (1024K)]
  0x000001d17408f470 JavaThread "Unconstrained build operations Thread 28"        [_thread_blocked, id=39596, stack(0x0000009bea900000,0x0000009beaa00000) (1024K)]
  0x000001d17408fb00 JavaThread "Unconstrained build operations Thread 29"        [_thread_blocked, id=17244, stack(0x0000009beaa00000,0x0000009beab00000) (1024K)]
  0x000001d174090190 JavaThread "Unconstrained build operations Thread 30"        [_thread_blocked, id=15304, stack(0x0000009beab00000,0x0000009beac00000) (1024K)]
  0x000001d174b26970 JavaThread "WorkerExecutor Queue"              [_thread_in_Java, id=31776, stack(0x0000009beb000000,0x0000009beb100000) (1024K)]
  0x000001d174b290d0 JavaThread "Unconstrained build operations Thread 31"        [_thread_blocked, id=28416, stack(0x0000009beb100000,0x0000009beb200000) (1024K)]
  0x000001d174b25c50 JavaThread "Unconstrained build operations Thread 32"        [_thread_blocked, id=33520, stack(0x0000009beb200000,0x0000009beb300000) (1024K)]
  0x000001d174b29760 JavaThread "Unconstrained build operations Thread 33"        [_thread_blocked, id=15364, stack(0x0000009beb300000,0x0000009beb400000) (1024K)]
  0x000001d174b283b0 JavaThread "Unconstrained build operations Thread 34"        [_thread_blocked, id=39084, stack(0x0000009beb400000,0x0000009beb500000) (1024K)]
  0x000001d174b27d20 JavaThread "Unconstrained build operations Thread 35"        [_thread_blocked, id=11184, stack(0x0000009beb500000,0x0000009beb600000) (1024K)]
  0x000001d174b262e0 JavaThread "Unconstrained build operations Thread 36"        [_thread_blocked, id=40328, stack(0x0000009beb600000,0x0000009beb700000) (1024K)]
  0x000001d174b29df0 JavaThread "Unconstrained build operations Thread 37"        [_thread_blocked, id=35804, stack(0x0000009beb700000,0x0000009beb800000) (1024K)]
  0x000001d174b2a480 JavaThread "Unconstrained build operations Thread 38"        [_thread_blocked, id=11752, stack(0x0000009beb800000,0x0000009beb900000) (1024K)]
  0x000001d174b27690 JavaThread "Unconstrained build operations Thread 39"        [_thread_blocked, id=39448, stack(0x0000009beb900000,0x0000009beba00000) (1024K)]
  0x000001d174b27000 JavaThread "Unconstrained build operations Thread 40"        [_thread_blocked, id=41644, stack(0x0000009beba00000,0x0000009bebb00000) (1024K)]
  0x000001d174b2cbe0 JavaThread "Unconstrained build operations Thread 41"        [_thread_blocked, id=23412, stack(0x0000009bebb00000,0x0000009bebc00000) (1024K)]
  0x000001d174b2d900 JavaThread "Unconstrained build operations Thread 42"        [_thread_blocked, id=31716, stack(0x0000009bebc00000,0x0000009bebd00000) (1024K)]
  0x000001d174b2b830 JavaThread "Unconstrained build operations Thread 43"        [_thread_blocked, id=38096, stack(0x0000009bebd00000,0x0000009bebe00000) (1024K)]
  0x000001d174b2e620 JavaThread "Unconstrained build operations Thread 44"        [_thread_blocked, id=20240, stack(0x0000009bebe00000,0x0000009bebf00000) (1024K)]
  0x000001d174b2bec0 JavaThread "Unconstrained build operations Thread 45"        [_thread_blocked, id=32972, stack(0x0000009bebf00000,0x0000009bec000000) (1024K)]
  0x000001d174b2d270 JavaThread "WorkerExecutor Queue Thread 2"        [_thread_in_Java, id=36888, stack(0x0000009bec000000,0x0000009bec100000) (1024K)]
  0x000001d174b2c550 JavaThread "Unconstrained build operations Thread 46"        [_thread_blocked, id=24696, stack(0x0000009bec100000,0x0000009bec200000) (1024K)]
  0x000001d174b2df90 JavaThread "WorkerExecutor Queue Thread 3"        [_thread_in_Java, id=41664, stack(0x0000009bec200000,0x0000009bec300000) (1024K)]
  0x000001d174b2b1a0 JavaThread "pool-9-thread-1"                   [_thread_blocked, id=41624, stack(0x0000009bec300000,0x0000009bec400000) (1024K)]
  0x000001d174b31410 JavaThread "stderr"                            [_thread_in_native, id=13380, stack(0x0000009bec400000,0x0000009bec500000) (1024K)]
  0x000001d174b31aa0 JavaThread "stdout"                            [_thread_in_native, id=13120, stack(0x0000009bec500000,0x0000009bec600000) (1024K)]
  0x000001d174b32130 JavaThread "Unconstrained build operations Thread 47"        [_thread_blocked, id=2692, stack(0x0000009beaf00000,0x0000009beb000000) (1024K)]
  0x000001d174b30060 JavaThread "Unconstrained build operations Thread 48"        [_thread_blocked, id=17508, stack(0x0000009bec600000,0x0000009bec700000) (1024K)]
  0x000001d174b2f340 JavaThread "Unconstrained build operations Thread 49"        [_thread_blocked, id=36200, stack(0x0000009bec700000,0x0000009bec800000) (1024K)]
  0x000001d174b306f0 JavaThread "WorkerExecutor Queue Thread 4"        [_thread_blocked, id=35844, stack(0x0000009be8a00000,0x0000009be8b00000) (1024K)]
  0x000001d174b334e0 JavaThread "RMI Scheduler(0)"           daemon [_thread_blocked, id=13948, stack(0x0000009be5700000,0x0000009be5800000) (1024K)]
  0x000001d174b33b70 JavaThread "RMI GC Daemon"              daemon [_thread_blocked, id=41160, stack(0x0000009beac00000,0x0000009bead00000) (1024K)]
  0x000001d174b30d80 JavaThread "RMI TCP Accept-0"           daemon [_thread_in_native, id=33172, stack(0x0000009bead00000,0x0000009beae00000) (1024K)]
  0x000001d174b34890 JavaThread "RMI Reaper"                        [_thread_blocked, id=42332, stack(0x0000009beae00000,0x0000009beaf00000) (1024K)]
  0x000001d174b34f20 JavaThread "RMI TCP Connection(2)-127.0.0.1" daemon [_thread_in_native, id=21488, stack(0x0000009bec900000,0x0000009beca00000) (1024K)]
  0x000001d17341c330 JavaThread "WorkerExecutor Queue Thread 5"        [_thread_in_Java, id=24796, stack(0x0000009be8900000,0x0000009be8a00000) (1024K)]
  0x000001d17341af80 JavaThread "WorkerExecutor Queue Thread 6"        [_thread_in_Java, id=38304, stack(0x0000009bec800000,0x0000009bec900000) (1024K)]
  0x000001d17341a8f0 JavaThread "WorkerExecutor Queue Thread 7"        [_thread_in_Java, id=2960, stack(0x0000009beca00000,0x0000009becb00000) (1024K)]
  0x000001d17341b610 JavaThread "WorkerExecutor Queue Thread 8"        [_thread_in_Java, id=23952, stack(0x0000009becb00000,0x0000009becc00000) (1024K)]
  0x000001d173418eb0 JavaThread "WorkerExecutor Queue Thread 9"        [_thread_in_Java, id=39828, stack(0x0000009becc00000,0x0000009becd00000) (1024K)]
  0x000001d17341c9c0 JavaThread "WorkerExecutor Queue Thread 10"        [_thread_blocked, id=17588, stack(0x0000009becd00000,0x0000009bece00000) (1024K)]
  0x000001d17341bca0 JavaThread "WorkerExecutor Queue Thread 11"        [_thread_blocked, id=24272, stack(0x0000009bece00000,0x0000009becf00000) (1024K)]
  0x000001d173419540 JavaThread "WorkerExecutor Queue Thread 12"        [_thread_blocked, id=3428, stack(0x0000009becf00000,0x0000009bed000000) (1024K)]
  0x000001d17341d050 JavaThread "WorkerExecutor Queue Thread 13"        [_thread_blocked, id=30988, stack(0x0000009bed000000,0x0000009bed100000) (1024K)]
  0x000001d167ff4210 JavaThread "C2 CompilerThread1"         daemon [_thread_in_native, id=13860, stack(0x0000009bed100000,0x0000009bed200000) (1024K)]
  0x000001d167ff48e0 JavaThread "C2 CompilerThread2"         daemon [_thread_in_native, id=30356, stack(0x0000009bed200000,0x0000009bed300000) (1024K)]
  0x000001d173419bd0 JavaThread "WorkerExecutor Queue Thread 14"        [_thread_blocked, id=23988, stack(0x0000009be5800000,0x0000009be5900000) (1024K)]
  0x000001d17341d6e0 JavaThread "WorkerExecutor Queue Thread 15"        [_thread_blocked, id=38140, stack(0x0000009bed300000,0x0000009bed400000) (1024K)]
=>0x000001d1754c3130 JavaThread "C2 CompilerThread3"         daemon [_thread_in_native, id=27056, stack(0x0000009bed400000,0x0000009bed500000) (1024K)]
  0x000001d17341dd70 JavaThread "WorkerExecutor Queue Thread 16"        [_thread_blocked, id=2320, stack(0x0000009bed500000,0x0000009bed600000) (1024K)]
  0x000001d1754c2a60 JavaThread "C2 CompilerThread4"         daemon [_thread_in_native, id=39848, stack(0x0000009bed700000,0x0000009bed800000) (1024K)]
  0x000001d171738ed0 JavaThread "C2 CompilerThread5"         daemon [_thread_in_native, id=20308, stack(0x0000009beda00000,0x0000009bedb00000) (1024K)]
  0x000001d171738130 JavaThread "C2 CompilerThread6"         daemon [_thread_in_native, id=36484, stack(0x0000009bedb00000,0x0000009bedc00000) (1024K)]
  0x000001d171ac9520 JavaThread "C2 CompilerThread7"         daemon [_thread_in_native, id=32300, stack(0x0000009bedc00000,0x0000009bedd00000) (1024K)]
Total: 150

Other Threads:
  0x000001d167fbbfc0 VMThread "VM Thread"                           [id=41768, stack(0x0000009be3900000,0x0000009be3a00000) (1024K)]
  0x000001d167fa6e60 WatcherThread "VM Periodic Task Thread"        [id=7860, stack(0x0000009be3800000,0x0000009be3900000) (1024K)]
  0x000001d1482a2c30 WorkerThread "GC Thread#0"                     [id=13488, stack(0x0000009be3300000,0x0000009be3400000) (1024K)]
  0x000001d16d16a450 WorkerThread "GC Thread#1"                     [id=38636, stack(0x0000009be4a00000,0x0000009be4b00000) (1024K)]
  0x000001d16d2ed930 WorkerThread "GC Thread#2"                     [id=6152, stack(0x0000009be4b00000,0x0000009be4c00000) (1024K)]
  0x000001d16d2ee0e0 WorkerThread "GC Thread#3"                     [id=21288, stack(0x0000009be4c00000,0x0000009be4d00000) (1024K)]
  0x000001d16d2ee480 WorkerThread "GC Thread#4"                     [id=13956, stack(0x0000009be4d00000,0x0000009be4e00000) (1024K)]
  0x000001d16d1845b0 WorkerThread "GC Thread#5"                     [id=34172, stack(0x0000009be4e00000,0x0000009be4f00000) (1024K)]
  0x000001d16dc63fd0 WorkerThread "GC Thread#6"                     [id=39860, stack(0x0000009be5c00000,0x0000009be5d00000) (1024K)]
  0x000001d16dc63890 WorkerThread "GC Thread#7"                     [id=26724, stack(0x0000009be5d00000,0x0000009be5e00000) (1024K)]
  0x000001d16dc64e50 WorkerThread "GC Thread#8"                     [id=13264, stack(0x0000009be5e00000,0x0000009be5f00000) (1024K)]
  0x000001d16dc64370 WorkerThread "GC Thread#9"                     [id=33804, stack(0x0000009be5f00000,0x0000009be6000000) (1024K)]
  0x000001d170a33950 WorkerThread "GC Thread#10"                    [id=27272, stack(0x0000009be6000000,0x0000009be6100000) (1024K)]
  0x000001d170a36130 WorkerThread "GC Thread#11"                    [id=38568, stack(0x0000009be6100000,0x0000009be6200000) (1024K)]
  0x000001d170a347d0 WorkerThread "GC Thread#12"                    [id=37204, stack(0x0000009be6200000,0x0000009be6300000) (1024K)]
  0x000001d1482b59b0 ConcurrentGCThread "G1 Main Marker"            [id=27324, stack(0x0000009be3400000,0x0000009be3500000) (1024K)]
  0x000001d1482b63c0 WorkerThread "G1 Conc#0"                       [id=17284, stack(0x0000009be3500000,0x0000009be3600000) (1024K)] _threads_hazard_ptr=0x000001d1732746e0
  0x000001d170a352b0 WorkerThread "G1 Conc#1"                       [id=29036, stack(0x0000009be6300000,0x0000009be6400000) (1024K)] _threads_hazard_ptr=0x000001d1732746e0
  0x000001d170a34b70 WorkerThread "G1 Conc#2"                       [id=23940, stack(0x0000009be6400000,0x0000009be6500000) (1024K)] _threads_hazard_ptr=0x000001d1732746e0
  0x000001d167e78250 ConcurrentGCThread "G1 Refine#0"               [id=39192, stack(0x0000009be3600000,0x0000009be3700000) (1024K)]
  0x000001d167e79a80 ConcurrentGCThread "G1 Service"                [id=27704, stack(0x0000009be3700000,0x0000009be3800000) (1024K)]
Total: 21

Threads with active compile tasks:
C2 CompilerThread0  2259231 29665       4       com.android.tools.r8.ir.regalloc.b::a (974 bytes)
C2 CompilerThread1  2259231 29648 %     4       com.android.tools.r8.internal.Q7::a @ 134 (1795 bytes)
C2 CompilerThread2  2259231 29641       4       com.android.tools.r8.ir.regalloc.b::a (1856 bytes)
C2 CompilerThread3  2259231 29736       4       com.android.tools.r8.ir.regalloc.b::a (1521 bytes)
C2 CompilerThread4  2259231 29732       4       com.android.tools.r8.internal.Kl::a (3897 bytes)
C2 CompilerThread5  2259231 30039       4       com.android.tools.r8.ir.regalloc.b::a (873 bytes)
C2 CompilerThread6  2259231 29741       4       com.android.tools.r8.internal.Of::a (3403 bytes)
C2 CompilerThread7  2259231 30033       4       com.android.tools.r8.ir.optimize.g0::a (699 bytes)
Total: 8

VM state: not at safepoint (normal execution)

VM Mutex/Monitor currently owned by a thread: None

Heap address: 0x0000000700000000, size: 4096 MB, Compressed Oops mode: Zero based, Oop shift amount: 3

CDS archive(s) mapped at: [0x000001d100000000-0x000001d100c90000-0x000001d100c90000), size 13172736, SharedBaseAddress: 0x000001d100000000, ArchiveRelocationMode: 1.
Compressed class space mapped at: 0x000001d101000000-0x000001d135000000, reserved size: 872415232
Narrow klass base: 0x000001d100000000, Narrow klass shift: 0, Narrow klass range: 0x100000000

GC Precious Log:
 CardTable entry size: 512
 Card Set container configuration: InlinePtr #cards 4 size 8 Array Of Cards #cards 16 size 48 Howl #buckets 8 coarsen threshold 3686 Howl Bitmap #cards 512 size 80 coarsen threshold 460 Card regions per heap region 1 cards per card region 4096
 CPUs: 16 total, 16 available
 Memory: 16071M
 Large Page Support: Disabled
 NUMA Support: Disabled
 Compressed Oops: Enabled (Zero based)
 Heap Region Size: 2M
 Heap Min Capacity: 8M
 Heap Initial Capacity: 252M
 Heap Max Capacity: 4G
 Pre-touch: Disabled
 Parallel Workers: 13
 Concurrent Workers: 3
 Concurrent Refinement Workers: 13
 Periodic GC: Disabled

Heap:
 garbage-first heap   total 466944K, used 211161K [0x0000000700000000, 0x0000000800000000)
  region size 2048K, 22 young (45056K), 16 survivors (32768K)
 Metaspace       used 142663K, committed 145216K, reserved 983040K
  class space    used 20249K, committed 21504K, reserved 851968K

Heap Regions: E=young(eden), S=young(survivor), O=old, HS=humongous(starts), HC=humongous(continues), CS=collection set, F=free, TAMS=top-at-mark-start, PB=parsable bottom
|   0|0x0000000700000000, 0x0000000700200000, 0x0000000700200000|100%|HS|  |TAMS 0x0000000700200000| PB 0x0000000700000000| Complete 
|   1|0x0000000700200000, 0x0000000700400000, 0x0000000700400000|100%|HC|  |TAMS 0x0000000700400000| PB 0x0000000700200000| Complete 
|   2|0x0000000700400000, 0x0000000700600000, 0x0000000700600000|100%| O|  |TAMS 0x0000000700600000| PB 0x0000000700400000| Untracked 
|   3|0x0000000700600000, 0x0000000700800000, 0x0000000700800000|100%| O|  |TAMS 0x0000000700800000| PB 0x0000000700600000| Untracked 
|   4|0x0000000700800000, 0x00000007009d8cd0, 0x0000000700a00000| 92%| O|  |TAMS 0x00000007009d8cd0| PB 0x0000000700800000| Untracked 
|   5|0x0000000700a00000, 0x0000000700c00000, 0x0000000700c00000|100%| O|  |TAMS 0x0000000700c00000| PB 0x0000000700a00000| Untracked 
|   6|0x0000000700c00000, 0x0000000700e00000, 0x0000000700e00000|100%| O|  |TAMS 0x0000000700e00000| PB 0x0000000700c00000| Untracked 
|   7|0x0000000700e00000, 0x0000000701000000, 0x0000000701000000|100%| O|  |TAMS 0x0000000701000000| PB 0x0000000700e00000| Updating 
|   8|0x0000000701000000, 0x0000000701200000, 0x0000000701200000|100%| O|  |TAMS 0x0000000701200000| PB 0x0000000701000000| Untracked 
|   9|0x0000000701200000, 0x0000000701400000, 0x0000000701400000|100%| O|  |TAMS 0x0000000701400000| PB 0x0000000701200000| Untracked 
|  10|0x0000000701400000, 0x0000000701600000, 0x0000000701600000|100%| O|  |TAMS 0x0000000701600000| PB 0x0000000701400000| Untracked 
|  11|0x0000000701600000, 0x0000000701800000, 0x0000000701800000|100%| O|  |TAMS 0x0000000701800000| PB 0x0000000701600000| Untracked 
|  12|0x0000000701800000, 0x0000000701a00000, 0x0000000701a00000|100%| O|  |TAMS 0x0000000701a00000| PB 0x0000000701800000| Untracked 
|  13|0x0000000701a00000, 0x0000000701c00000, 0x0000000701c00000|100%| O|  |TAMS 0x0000000701c00000| PB 0x0000000701a00000| Untracked 
|  14|0x0000000701c00000, 0x0000000701e00000, 0x0000000701e00000|100%|HS|  |TAMS 0x0000000701e00000| PB 0x0000000701c00000| Complete 
|  15|0x0000000701e00000, 0x0000000702000000, 0x0000000702000000|100%|HS|  |TAMS 0x0000000702000000| PB 0x0000000701e00000| Complete 
|  16|0x0000000702000000, 0x0000000702200000, 0x0000000702200000|100%|HS|  |TAMS 0x0000000702200000| PB 0x0000000702000000| Complete 
|  17|0x0000000702200000, 0x0000000702400000, 0x0000000702400000|100%|HC|  |TAMS 0x0000000702400000| PB 0x0000000702200000| Complete 
|  18|0x0000000702400000, 0x0000000702600000, 0x0000000702600000|100%| O|  |TAMS 0x0000000702600000| PB 0x0000000702400000| Untracked 
|  19|0x0000000702600000, 0x0000000702800000, 0x0000000702800000|100%| O|  |TAMS 0x0000000702800000| PB 0x0000000702600000| Untracked 
|  20|0x0000000702800000, 0x0000000702a00000, 0x0000000702a00000|100%| O|  |TAMS 0x0000000702a00000| PB 0x0000000702800000| Untracked 
|  21|0x0000000702a00000, 0x0000000702c00000, 0x0000000702c00000|100%| O|  |TAMS 0x0000000702c00000| PB 0x0000000702a00000| Untracked 
|  22|0x0000000702c00000, 0x0000000702e00000, 0x0000000702e00000|100%| O|  |TAMS 0x0000000702e00000| PB 0x0000000702c00000| Untracked 
|  23|0x0000000702e00000, 0x0000000703000000, 0x0000000703000000|100%| O|  |TAMS 0x0000000703000000| PB 0x0000000702e00000| Untracked 
|  24|0x0000000703000000, 0x0000000703200000, 0x0000000703200000|100%| O|  |TAMS 0x0000000703200000| PB 0x0000000703000000| Untracked 
|  25|0x0000000703200000, 0x0000000703400000, 0x0000000703400000|100%| O|  |TAMS 0x0000000703400000| PB 0x0000000703200000| Untracked 
|  26|0x0000000703400000, 0x0000000703600000, 0x0000000703600000|100%| O|  |TAMS 0x0000000703600000| PB 0x0000000703400000| Untracked 
|  27|0x0000000703600000, 0x0000000703800000, 0x0000000703800000|100%| O|  |TAMS 0x0000000703800000| PB 0x0000000703600000| Untracked 
|  28|0x0000000703800000, 0x0000000703a00000, 0x0000000703a00000|100%| O|  |TAMS 0x0000000703a00000| PB 0x0000000703800000| Untracked 
|  29|0x0000000703a00000, 0x0000000703c00000, 0x0000000703c00000|100%| O|  |TAMS 0x0000000703c00000| PB 0x0000000703a00000| Updating 
|  30|0x0000000703c00000, 0x0000000703e00000, 0x0000000703e00000|100%| O|  |TAMS 0x0000000703e00000| PB 0x0000000703c00000| Untracked 
|  31|0x0000000703e00000, 0x0000000704000000, 0x0000000704000000|100%| O|  |TAMS 0x0000000704000000| PB 0x0000000703e00000| Untracked 
|  32|0x0000000704000000, 0x0000000704200000, 0x0000000704200000|100%| O|  |TAMS 0x0000000704200000| PB 0x0000000704200000| Updating 
|  33|0x0000000704200000, 0x0000000704400000, 0x0000000704400000|100%|HS|  |TAMS 0x0000000704400000| PB 0x0000000704200000| Complete 
|  34|0x0000000704400000, 0x0000000704600000, 0x0000000704600000|100%|HC|  |TAMS 0x0000000704600000| PB 0x0000000704400000| Complete 
|  35|0x0000000704600000, 0x0000000704800000, 0x0000000704800000|100%| O|  |TAMS 0x0000000704800000| PB 0x0000000704800000| Untracked 
|  36|0x0000000704800000, 0x0000000704a00000, 0x0000000704a00000|100%| O|  |TAMS 0x0000000704a00000| PB 0x0000000704a00000| Untracked 
|  37|0x0000000704a00000, 0x0000000704c00000, 0x0000000704c00000|100%| O|  |TAMS 0x0000000704c00000| PB 0x0000000704c00000| Untracked 
|  38|0x0000000704c00000, 0x0000000704e00000, 0x0000000704e00000|100%| O|  |TAMS 0x0000000704e00000| PB 0x0000000704e00000| Untracked 
|  39|0x0000000704e00000, 0x0000000705000000, 0x0000000705000000|100%| O|  |TAMS 0x0000000705000000| PB 0x0000000705000000| Untracked 
|  40|0x0000000705000000, 0x0000000705200000, 0x0000000705200000|100%| O|  |TAMS 0x0000000705200000| PB 0x0000000705200000| Untracked 
|  41|0x0000000705200000, 0x0000000705400000, 0x0000000705400000|100%| O|  |TAMS 0x0000000705400000| PB 0x0000000705400000| Untracked 
|  42|0x0000000705400000, 0x0000000705600000, 0x0000000705600000|100%| O|  |TAMS 0x0000000705600000| PB 0x0000000705600000| Untracked 
|  43|0x0000000705600000, 0x0000000705800000, 0x0000000705800000|100%| O|  |TAMS 0x0000000705800000| PB 0x0000000705800000| Untracked 
|  44|0x0000000705800000, 0x0000000705a00000, 0x0000000705a00000|100%| O|  |TAMS 0x0000000705a00000| PB 0x0000000705a00000| Updating 
|  45|0x0000000705a00000, 0x0000000705c00000, 0x0000000705c00000|100%| O|  |TAMS 0x0000000705c00000| PB 0x0000000705c00000| Untracked 
|  46|0x0000000705c00000, 0x0000000705e00000, 0x0000000705e00000|100%| O|  |TAMS 0x0000000705e00000| PB 0x0000000705e00000| Updating 
|  47|0x0000000705e00000, 0x0000000706000000, 0x0000000706000000|100%| O|  |TAMS 0x0000000706000000| PB 0x0000000706000000| Untracked 
|  48|0x0000000706000000, 0x0000000706200000, 0x0000000706200000|100%| O|  |TAMS 0x0000000706200000| PB 0x0000000706200000| Untracked 
|  49|0x0000000706200000, 0x0000000706400000, 0x0000000706400000|100%| O|  |TAMS 0x0000000706400000| PB 0x0000000706400000| Updating 
|  50|0x0000000706400000, 0x0000000706600000, 0x0000000706600000|100%| O|  |TAMS 0x0000000706600000| PB 0x0000000706600000| Updating 
|  51|0x0000000706600000, 0x0000000706800000, 0x0000000706800000|100%| O|  |TAMS 0x0000000706800000| PB 0x0000000706800000| Untracked 
|  52|0x0000000706800000, 0x0000000706a00000, 0x0000000706a00000|100%| O|  |TAMS 0x0000000706a00000| PB 0x0000000706a00000| Untracked 
|  53|0x0000000706a00000, 0x0000000706c00000, 0x0000000706c00000|100%| O|  |TAMS 0x0000000706c00000| PB 0x0000000706c00000| Updating 
|  54|0x0000000706c00000, 0x0000000706e00000, 0x0000000706e00000|100%| O|  |TAMS 0x0000000706e00000| PB 0x0000000706e00000| Updating 
|  55|0x0000000706e00000, 0x0000000707000000, 0x0000000707000000|100%| O|  |TAMS 0x0000000707000000| PB 0x0000000707000000| Untracked 
|  56|0x0000000707000000, 0x0000000707200000, 0x0000000707200000|100%| O|  |TAMS 0x0000000707200000| PB 0x0000000707200000| Untracked 
|  57|0x0000000707200000, 0x0000000707400000, 0x0000000707400000|100%| O|  |TAMS 0x0000000707400000| PB 0x0000000707400000| Updating 
|  58|0x0000000707400000, 0x0000000707600000, 0x0000000707600000|100%| O|  |TAMS 0x0000000707600000| PB 0x0000000707600000| Updating 
|  59|0x0000000707600000, 0x0000000707800000, 0x0000000707800000|100%| O|  |TAMS 0x0000000707800000| PB 0x0000000707800000| Updating 
|  60|0x0000000707800000, 0x0000000707a00000, 0x0000000707a00000|100%| O|  |TAMS 0x0000000707a00000| PB 0x0000000707a00000| Updating 
|  61|0x0000000707a00000, 0x0000000707c00000, 0x0000000707c00000|100%| O|  |TAMS 0x0000000707bc3f58| PB 0x0000000707bc3f58| Updating 
|  62|0x0000000707c00000, 0x0000000707e00000, 0x0000000707e00000|100%| O|  |TAMS 0x0000000707e00000| PB 0x0000000707e00000| Updating 
|  63|0x0000000707e00000, 0x0000000708000000, 0x0000000708000000|100%| O|  |TAMS 0x0000000708000000| PB 0x0000000708000000| Untracked 
|  64|0x0000000708000000, 0x0000000708200000, 0x0000000708200000|100%| O|  |TAMS 0x0000000708200000| PB 0x0000000708200000| Updating 
|  65|0x0000000708200000, 0x0000000708400000, 0x0000000708400000|100%| O|  |TAMS 0x0000000708400000| PB 0x0000000708400000| Updating 
|  66|0x0000000708400000, 0x0000000708600000, 0x0000000708600000|100%| O|  |TAMS 0x0000000708400000| PB 0x0000000708400000| Untracked 
|  67|0x0000000708600000, 0x0000000708800000, 0x0000000708800000|100%| O|  |TAMS 0x0000000708800000| PB 0x0000000708800000| Updating 
|  68|0x0000000708800000, 0x0000000708a00000, 0x0000000708a00000|100%| O|  |TAMS 0x0000000708a00000| PB 0x0000000708a00000| Updating 
|  69|0x0000000708a00000, 0x0000000708c00000, 0x0000000708c00000|100%| O|  |TAMS 0x0000000708a00000| PB 0x0000000708a00000| Untracked 
|  70|0x0000000708c00000, 0x0000000708e00000, 0x0000000708e00000|100%| O|  |TAMS 0x0000000708c00000| PB 0x0000000708c00000| Untracked 
|  71|0x0000000708e00000, 0x0000000709000000, 0x0000000709000000|100%| O|  |TAMS 0x0000000708e00000| PB 0x0000000708e00000| Untracked 
|  72|0x0000000709000000, 0x0000000709200000, 0x0000000709200000|100%| O|  |TAMS 0x0000000709200000| PB 0x0000000709200000| Updating 
|  73|0x0000000709200000, 0x0000000709400000, 0x0000000709400000|100%| O|  |TAMS 0x0000000709400000| PB 0x0000000709400000| Updating 
|  74|0x0000000709400000, 0x0000000709600000, 0x0000000709600000|100%| O|  |TAMS 0x0000000709400000| PB 0x0000000709400000| Untracked 
|  75|0x0000000709600000, 0x0000000709800000, 0x0000000709800000|100%| O|  |TAMS 0x0000000709600000| PB 0x0000000709600000| Untracked 
|  76|0x0000000709800000, 0x000000070985d750, 0x0000000709a00000| 18%| O|  |TAMS 0x0000000709800000| PB 0x0000000709800000| Updating 
|  77|0x0000000709a00000, 0x0000000709a00000, 0x0000000709c00000|  0%| F|  |TAMS 0x0000000709a00000| PB 0x0000000709a00000| Untracked 
|  78|0x0000000709c00000, 0x0000000709c00000, 0x0000000709e00000|  0%| F|  |TAMS 0x0000000709c00000| PB 0x0000000709c00000| Untracked 
|  79|0x0000000709e00000, 0x000000070a000000, 0x000000070a000000|100%| S|CS|TAMS 0x0000000709e00000| PB 0x0000000709e00000| Complete 
|  80|0x000000070a000000, 0x000000070a200000, 0x000000070a200000|100%| S|CS|TAMS 0x000000070a000000| PB 0x000000070a000000| Complete 
|  81|0x000000070a200000, 0x000000070a400000, 0x000000070a400000|100%| S|CS|TAMS 0x000000070a200000| PB 0x000000070a200000| Complete 
|  82|0x000000070a400000, 0x000000070a600000, 0x000000070a600000|100%| S|CS|TAMS 0x000000070a400000| PB 0x000000070a400000| Complete 
|  83|0x000000070a600000, 0x000000070a800000, 0x000000070a800000|100%| S|CS|TAMS 0x000000070a600000| PB 0x000000070a600000| Complete 
|  84|0x000000070a800000, 0x000000070aa00000, 0x000000070aa00000|100%| S|CS|TAMS 0x000000070a800000| PB 0x000000070a800000| Complete 
|  85|0x000000070aa00000, 0x000000070ac00000, 0x000000070ac00000|100%| S|CS|TAMS 0x000000070aa00000| PB 0x000000070aa00000| Complete 
|  86|0x000000070ac00000, 0x000000070ae00000, 0x000000070ae00000|100%| S|CS|TAMS 0x000000070ac00000| PB 0x000000070ac00000| Complete 
|  87|0x000000070ae00000, 0x000000070b000000, 0x000000070b000000|100%| S|CS|TAMS 0x000000070ae00000| PB 0x000000070ae00000| Complete 
|  88|0x000000070b000000, 0x000000070b200000, 0x000000070b200000|100%| S|CS|TAMS 0x000000070b000000| PB 0x000000070b000000| Complete 
|  89|0x000000070b200000, 0x000000070b400000, 0x000000070b400000|100%| S|CS|TAMS 0x000000070b200000| PB 0x000000070b200000| Complete 
|  90|0x000000070b400000, 0x000000070b400000, 0x000000070b600000|  0%| F|  |TAMS 0x000000070b400000| PB 0x000000070b400000| Untracked 
|  91|0x000000070b600000, 0x000000070b600000, 0x000000070b800000|  0%| F|  |TAMS 0x000000070b600000| PB 0x000000070b600000| Untracked 
|  92|0x000000070b800000, 0x000000070b800000, 0x000000070ba00000|  0%| F|  |TAMS 0x000000070b800000| PB 0x000000070b800000| Untracked 
|  93|0x000000070ba00000, 0x000000070ba00000, 0x000000070bc00000|  0%| F|  |TAMS 0x000000070ba00000| PB 0x000000070ba00000| Untracked 
|  94|0x000000070bc00000, 0x000000070bc00000, 0x000000070be00000|  0%| F|  |TAMS 0x000000070bc00000| PB 0x000000070bc00000| Untracked 
|  95|0x000000070be00000, 0x000000070be00000, 0x000000070c000000|  0%| F|  |TAMS 0x000000070be00000| PB 0x000000070be00000| Untracked 
|  96|0x000000070c000000, 0x000000070c000000, 0x000000070c200000|  0%| F|  |TAMS 0x000000070c000000| PB 0x000000070c000000| Untracked 
|  97|0x000000070c200000, 0x000000070c200000, 0x000000070c400000|  0%| F|  |TAMS 0x000000070c200000| PB 0x000000070c200000| Untracked 
|  98|0x000000070c400000, 0x000000070c400000, 0x000000070c600000|  0%| F|  |TAMS 0x000000070c400000| PB 0x000000070c400000| Untracked 
|  99|0x000000070c600000, 0x000000070c600000, 0x000000070c800000|  0%| F|  |TAMS 0x000000070c600000| PB 0x000000070c600000| Untracked 
| 100|0x000000070c800000, 0x000000070c800000, 0x000000070ca00000|  0%| F|  |TAMS 0x000000070c800000| PB 0x000000070c800000| Untracked 
| 101|0x000000070ca00000, 0x000000070ca00000, 0x000000070cc00000|  0%| F|  |TAMS 0x000000070ca00000| PB 0x000000070ca00000| Untracked 
| 102|0x000000070cc00000, 0x000000070cc00000, 0x000000070ce00000|  0%| F|  |TAMS 0x000000070cc00000| PB 0x000000070cc00000| Untracked 
| 103|0x000000070ce00000, 0x000000070d000000, 0x000000070d000000|100%| S|CS|TAMS 0x000000070ce00000| PB 0x000000070ce00000| Complete 
| 104|0x000000070d000000, 0x000000070d200000, 0x000000070d200000|100%| S|CS|TAMS 0x000000070d000000| PB 0x000000070d000000| Complete 
| 105|0x000000070d200000, 0x000000070d400000, 0x000000070d400000|100%| S|CS|TAMS 0x000000070d200000| PB 0x000000070d200000| Complete 
| 106|0x000000070d400000, 0x000000070d600000, 0x000000070d600000|100%| S|CS|TAMS 0x000000070d400000| PB 0x000000070d400000| Complete 
| 107|0x000000070d600000, 0x000000070d800000, 0x000000070d800000|100%| S|CS|TAMS 0x000000070d600000| PB 0x000000070d600000| Complete 
| 108|0x000000070d800000, 0x000000070d800000, 0x000000070da00000|  0%| F|  |TAMS 0x000000070d800000| PB 0x000000070d800000| Untracked 
| 109|0x000000070da00000, 0x000000070da00000, 0x000000070dc00000|  0%| F|  |TAMS 0x000000070da00000| PB 0x000000070da00000| Untracked 
| 110|0x000000070dc00000, 0x000000070dc00000, 0x000000070de00000|  0%| F|  |TAMS 0x000000070dc00000| PB 0x000000070dc00000| Untracked 
| 111|0x000000070de00000, 0x000000070de00000, 0x000000070e000000|  0%| F|  |TAMS 0x000000070de00000| PB 0x000000070de00000| Untracked 
| 112|0x000000070e000000, 0x000000070e000000, 0x000000070e200000|  0%| F|  |TAMS 0x000000070e000000| PB 0x000000070e000000| Untracked 
| 113|0x000000070e200000, 0x000000070e200000, 0x000000070e400000|  0%| F|  |TAMS 0x000000070e200000| PB 0x000000070e200000| Untracked 
| 114|0x000000070e400000, 0x000000070e400000, 0x000000070e600000|  0%| F|  |TAMS 0x000000070e400000| PB 0x000000070e400000| Untracked 
| 115|0x000000070e600000, 0x000000070e600000, 0x000000070e800000|  0%| F|  |TAMS 0x000000070e600000| PB 0x000000070e600000| Untracked 
| 116|0x000000070e800000, 0x000000070e800000, 0x000000070ea00000|  0%| F|  |TAMS 0x000000070e800000| PB 0x000000070e800000| Untracked 
| 117|0x000000070ea00000, 0x000000070ea00000, 0x000000070ec00000|  0%| F|  |TAMS 0x000000070ea00000| PB 0x000000070ea00000| Untracked 
| 118|0x000000070ec00000, 0x000000070ec00000, 0x000000070ee00000|  0%| F|  |TAMS 0x000000070ec00000| PB 0x000000070ec00000| Untracked 
| 119|0x000000070ee00000, 0x000000070ee00000, 0x000000070f000000|  0%| F|  |TAMS 0x000000070ee00000| PB 0x000000070ee00000| Untracked 
| 120|0x000000070f000000, 0x000000070f000000, 0x000000070f200000|  0%| F|  |TAMS 0x000000070f000000| PB 0x000000070f000000| Untracked 
| 121|0x000000070f200000, 0x000000070f200000, 0x000000070f400000|  0%| F|  |TAMS 0x000000070f200000| PB 0x000000070f200000| Untracked 
| 122|0x000000070f400000, 0x000000070f400000, 0x000000070f600000|  0%| F|  |TAMS 0x000000070f400000| PB 0x000000070f400000| Untracked 
| 123|0x000000070f600000, 0x000000070f600000, 0x000000070f800000|  0%| F|  |TAMS 0x000000070f600000| PB 0x000000070f600000| Untracked 
| 124|0x000000070f800000, 0x000000070f800000, 0x000000070fa00000|  0%| F|  |TAMS 0x000000070f800000| PB 0x000000070f800000| Untracked 
| 125|0x000000070fa00000, 0x000000070fa00000, 0x000000070fc00000|  0%| F|  |TAMS 0x000000070fa00000| PB 0x000000070fa00000| Untracked 
| 126|0x000000070fc00000, 0x000000070fc00000, 0x000000070fe00000|  0%| F|  |TAMS 0x000000070fc00000| PB 0x000000070fc00000| Untracked 
| 127|0x000000070fe00000, 0x000000070fe00000, 0x0000000710000000|  0%| F|  |TAMS 0x000000070fe00000| PB 0x000000070fe00000| Untracked 
| 128|0x0000000710000000, 0x0000000710000000, 0x0000000710200000|  0%| F|  |TAMS 0x0000000710000000| PB 0x0000000710000000| Untracked 
| 129|0x0000000710200000, 0x0000000710200000, 0x0000000710400000|  0%| F|  |TAMS 0x0000000710200000| PB 0x0000000710200000| Untracked 
| 130|0x0000000710400000, 0x0000000710400000, 0x0000000710600000|  0%| F|  |TAMS 0x0000000710400000| PB 0x0000000710400000| Untracked 
| 131|0x0000000710600000, 0x0000000710600000, 0x0000000710800000|  0%| F|  |TAMS 0x0000000710600000| PB 0x0000000710600000| Untracked 
| 132|0x0000000710800000, 0x0000000710800000, 0x0000000710a00000|  0%| F|  |TAMS 0x0000000710800000| PB 0x0000000710800000| Untracked 
| 133|0x0000000710a00000, 0x0000000710a00000, 0x0000000710c00000|  0%| F|  |TAMS 0x0000000710a00000| PB 0x0000000710a00000| Untracked 
| 134|0x0000000710c00000, 0x0000000710c00000, 0x0000000710e00000|  0%| F|  |TAMS 0x0000000710c00000| PB 0x0000000710c00000| Untracked 
| 135|0x0000000710e00000, 0x0000000710e00000, 0x0000000711000000|  0%| F|  |TAMS 0x0000000710e00000| PB 0x0000000710e00000| Untracked 
| 136|0x0000000711000000, 0x0000000711000000, 0x0000000711200000|  0%| F|  |TAMS 0x0000000711000000| PB 0x0000000711000000| Untracked 
| 137|0x0000000711200000, 0x0000000711200000, 0x0000000711400000|  0%| F|  |TAMS 0x0000000711200000| PB 0x0000000711200000| Untracked 
| 138|0x0000000711400000, 0x0000000711400000, 0x0000000711600000|  0%| F|  |TAMS 0x0000000711400000| PB 0x0000000711400000| Untracked 
| 139|0x0000000711600000, 0x0000000711600000, 0x0000000711800000|  0%| F|  |TAMS 0x0000000711600000| PB 0x0000000711600000| Untracked 
| 140|0x0000000711800000, 0x0000000711800000, 0x0000000711a00000|  0%| F|  |TAMS 0x0000000711800000| PB 0x0000000711800000| Untracked 
| 141|0x0000000711a00000, 0x0000000711a00000, 0x0000000711c00000|  0%| F|  |TAMS 0x0000000711a00000| PB 0x0000000711a00000| Untracked 
| 142|0x0000000711c00000, 0x0000000711c00000, 0x0000000711e00000|  0%| F|  |TAMS 0x0000000711c00000| PB 0x0000000711c00000| Untracked 
| 143|0x0000000711e00000, 0x0000000711e00000, 0x0000000712000000|  0%| F|  |TAMS 0x0000000711e00000| PB 0x0000000711e00000| Untracked 
| 144|0x0000000712000000, 0x0000000712000000, 0x0000000712200000|  0%| F|  |TAMS 0x0000000712000000| PB 0x0000000712000000| Untracked 
| 145|0x0000000712200000, 0x0000000712200000, 0x0000000712400000|  0%| F|  |TAMS 0x0000000712200000| PB 0x0000000712200000| Untracked 
| 146|0x0000000712400000, 0x0000000712400000, 0x0000000712600000|  0%| F|  |TAMS 0x0000000712400000| PB 0x0000000712400000| Untracked 
| 147|0x0000000712600000, 0x0000000712600000, 0x0000000712800000|  0%| F|  |TAMS 0x0000000712600000| PB 0x0000000712600000| Untracked 
| 148|0x0000000712800000, 0x0000000712800000, 0x0000000712a00000|  0%| F|  |TAMS 0x0000000712800000| PB 0x0000000712800000| Untracked 
| 149|0x0000000712a00000, 0x0000000712a00000, 0x0000000712c00000|  0%| F|  |TAMS 0x0000000712a00000| PB 0x0000000712a00000| Untracked 
| 150|0x0000000712c00000, 0x0000000712c00000, 0x0000000712e00000|  0%| F|  |TAMS 0x0000000712c00000| PB 0x0000000712c00000| Untracked 
| 151|0x0000000712e00000, 0x0000000712e00000, 0x0000000713000000|  0%| F|  |TAMS 0x0000000712e00000| PB 0x0000000712e00000| Untracked 
| 152|0x0000000713000000, 0x0000000713000000, 0x0000000713200000|  0%| F|  |TAMS 0x0000000713000000| PB 0x0000000713000000| Untracked 
| 153|0x0000000713200000, 0x0000000713200000, 0x0000000713400000|  0%| F|  |TAMS 0x0000000713200000| PB 0x0000000713200000| Untracked 
| 154|0x0000000713400000, 0x0000000713400000, 0x0000000713600000|  0%| F|  |TAMS 0x0000000713400000| PB 0x0000000713400000| Untracked 
| 155|0x0000000713600000, 0x0000000713600000, 0x0000000713800000|  0%| F|  |TAMS 0x0000000713600000| PB 0x0000000713600000| Untracked 
| 156|0x0000000713800000, 0x0000000713800000, 0x0000000713a00000|  0%| F|  |TAMS 0x0000000713800000| PB 0x0000000713800000| Untracked 
| 157|0x0000000713a00000, 0x0000000713a00000, 0x0000000713c00000|  0%| F|  |TAMS 0x0000000713a00000| PB 0x0000000713a00000| Untracked 
| 158|0x0000000713c00000, 0x0000000713c00000, 0x0000000713e00000|  0%| F|  |TAMS 0x0000000713c00000| PB 0x0000000713c00000| Untracked 
| 159|0x0000000713e00000, 0x0000000713e00000, 0x0000000714000000|  0%| F|  |TAMS 0x0000000713e00000| PB 0x0000000713e00000| Untracked 
| 160|0x0000000714000000, 0x0000000714000000, 0x0000000714200000|  0%| F|  |TAMS 0x0000000714000000| PB 0x0000000714000000| Untracked 
| 161|0x0000000714200000, 0x0000000714200000, 0x0000000714400000|  0%| F|  |TAMS 0x0000000714200000| PB 0x0000000714200000| Untracked 
| 162|0x0000000714400000, 0x0000000714400000, 0x0000000714600000|  0%| F|  |TAMS 0x0000000714400000| PB 0x0000000714400000| Untracked 
| 163|0x0000000714600000, 0x0000000714600000, 0x0000000714800000|  0%| F|  |TAMS 0x0000000714600000| PB 0x0000000714600000| Untracked 
| 164|0x0000000714800000, 0x0000000714800000, 0x0000000714a00000|  0%| F|  |TAMS 0x0000000714800000| PB 0x0000000714800000| Untracked 
| 165|0x0000000714a00000, 0x0000000714a00000, 0x0000000714c00000|  0%| F|  |TAMS 0x0000000714a00000| PB 0x0000000714a00000| Untracked 
| 166|0x0000000714c00000, 0x0000000714c00000, 0x0000000714e00000|  0%| F|  |TAMS 0x0000000714c00000| PB 0x0000000714c00000| Untracked 
| 167|0x0000000714e00000, 0x0000000714e00000, 0x0000000715000000|  0%| F|  |TAMS 0x0000000714e00000| PB 0x0000000714e00000| Untracked 
| 168|0x0000000715000000, 0x0000000715000000, 0x0000000715200000|  0%| F|  |TAMS 0x0000000715000000| PB 0x0000000715000000| Untracked 
| 169|0x0000000715200000, 0x0000000715200000, 0x0000000715400000|  0%| F|  |TAMS 0x0000000715200000| PB 0x0000000715200000| Untracked 
| 170|0x0000000715400000, 0x0000000715400000, 0x0000000715600000|  0%| F|  |TAMS 0x0000000715400000| PB 0x0000000715400000| Untracked 
| 171|0x0000000715600000, 0x0000000715600000, 0x0000000715800000|  0%| F|  |TAMS 0x0000000715600000| PB 0x0000000715600000| Untracked 
| 172|0x0000000715800000, 0x0000000715800000, 0x0000000715a00000|  0%| F|  |TAMS 0x0000000715800000| PB 0x0000000715800000| Untracked 
| 173|0x0000000715a00000, 0x0000000715a00000, 0x0000000715c00000|  0%| F|  |TAMS 0x0000000715a00000| PB 0x0000000715a00000| Untracked 
| 174|0x0000000715c00000, 0x0000000715c00000, 0x0000000715e00000|  0%| F|  |TAMS 0x0000000715c00000| PB 0x0000000715c00000| Untracked 
| 175|0x0000000715e00000, 0x0000000715e00000, 0x0000000716000000|  0%| F|  |TAMS 0x0000000715e00000| PB 0x0000000715e00000| Untracked 
| 176|0x0000000716000000, 0x0000000716000000, 0x0000000716200000|  0%| F|  |TAMS 0x0000000716000000| PB 0x0000000716000000| Untracked 
| 177|0x0000000716200000, 0x0000000716200000, 0x0000000716400000|  0%| F|  |TAMS 0x0000000716200000| PB 0x0000000716200000| Untracked 
| 178|0x0000000716400000, 0x0000000716400000, 0x0000000716600000|  0%| F|  |TAMS 0x0000000716400000| PB 0x0000000716400000| Untracked 
| 179|0x0000000716600000, 0x0000000716600000, 0x0000000716800000|  0%| F|  |TAMS 0x0000000716600000| PB 0x0000000716600000| Untracked 
| 180|0x0000000716800000, 0x0000000716800000, 0x0000000716a00000|  0%| F|  |TAMS 0x0000000716800000| PB 0x0000000716800000| Untracked 
| 181|0x0000000716a00000, 0x0000000716a00000, 0x0000000716c00000|  0%| F|  |TAMS 0x0000000716a00000| PB 0x0000000716a00000| Untracked 
| 182|0x0000000716c00000, 0x0000000716c00000, 0x0000000716e00000|  0%| F|  |TAMS 0x0000000716c00000| PB 0x0000000716c00000| Untracked 
| 183|0x0000000716e00000, 0x0000000716e00000, 0x0000000717000000|  0%| F|  |TAMS 0x0000000716e00000| PB 0x0000000716e00000| Untracked 
| 184|0x0000000717000000, 0x0000000717000000, 0x0000000717200000|  0%| F|  |TAMS 0x0000000717000000| PB 0x0000000717000000| Untracked 
| 185|0x0000000717200000, 0x0000000717200000, 0x0000000717400000|  0%| F|  |TAMS 0x0000000717200000| PB 0x0000000717200000| Untracked 
| 186|0x0000000717400000, 0x0000000717400000, 0x0000000717600000|  0%| F|  |TAMS 0x0000000717400000| PB 0x0000000717400000| Untracked 
| 187|0x0000000717600000, 0x0000000717600000, 0x0000000717800000|  0%| F|  |TAMS 0x0000000717600000| PB 0x0000000717600000| Untracked 
| 188|0x0000000717800000, 0x0000000717800000, 0x0000000717a00000|  0%| F|  |TAMS 0x0000000717800000| PB 0x0000000717800000| Untracked 
| 189|0x0000000717a00000, 0x0000000717a00000, 0x0000000717c00000|  0%| F|  |TAMS 0x0000000717a00000| PB 0x0000000717a00000| Untracked 
| 190|0x0000000717c00000, 0x0000000717c00000, 0x0000000717e00000|  0%| F|  |TAMS 0x0000000717c00000| PB 0x0000000717c00000| Untracked 
| 191|0x0000000717e00000, 0x0000000717e00000, 0x0000000718000000|  0%| F|  |TAMS 0x0000000717e00000| PB 0x0000000717e00000| Untracked 
| 192|0x0000000718000000, 0x0000000718000000, 0x0000000718200000|  0%| F|  |TAMS 0x0000000718000000| PB 0x0000000718000000| Untracked 
| 193|0x0000000718200000, 0x0000000718200000, 0x0000000718400000|  0%| F|  |TAMS 0x0000000718200000| PB 0x0000000718200000| Untracked 
| 194|0x0000000718400000, 0x0000000718400000, 0x0000000718600000|  0%| F|  |TAMS 0x0000000718400000| PB 0x0000000718400000| Untracked 
| 195|0x0000000718600000, 0x0000000718600000, 0x0000000718800000|  0%| F|  |TAMS 0x0000000718600000| PB 0x0000000718600000| Untracked 
| 196|0x0000000718800000, 0x0000000718800000, 0x0000000718a00000|  0%| F|  |TAMS 0x0000000718800000| PB 0x0000000718800000| Untracked 
| 197|0x0000000718a00000, 0x0000000718a00000, 0x0000000718c00000|  0%| F|  |TAMS 0x0000000718a00000| PB 0x0000000718a00000| Untracked 
| 198|0x0000000718c00000, 0x0000000718c00000, 0x0000000718e00000|  0%| F|  |TAMS 0x0000000718c00000| PB 0x0000000718c00000| Untracked 
| 199|0x0000000718e00000, 0x0000000718e00000, 0x0000000719000000|  0%| F|  |TAMS 0x0000000718e00000| PB 0x0000000718e00000| Untracked 
| 200|0x0000000719000000, 0x0000000719000000, 0x0000000719200000|  0%| F|  |TAMS 0x0000000719000000| PB 0x0000000719000000| Untracked 
| 201|0x0000000719200000, 0x0000000719200000, 0x0000000719400000|  0%| F|  |TAMS 0x0000000719200000| PB 0x0000000719200000| Untracked 
| 202|0x0000000719400000, 0x0000000719400000, 0x0000000719600000|  0%| F|  |TAMS 0x0000000719400000| PB 0x0000000719400000| Untracked 
| 203|0x0000000719600000, 0x0000000719600000, 0x0000000719800000|  0%| F|  |TAMS 0x0000000719600000| PB 0x0000000719600000| Untracked 
| 204|0x0000000719800000, 0x0000000719800000, 0x0000000719a00000|  0%| F|  |TAMS 0x0000000719800000| PB 0x0000000719800000| Untracked 
| 205|0x0000000719a00000, 0x0000000719a00000, 0x0000000719c00000|  0%| F|  |TAMS 0x0000000719a00000| PB 0x0000000719a00000| Untracked 
| 206|0x0000000719c00000, 0x0000000719c00000, 0x0000000719e00000|  0%| F|  |TAMS 0x0000000719c00000| PB 0x0000000719c00000| Untracked 
| 207|0x0000000719e00000, 0x0000000719e00000, 0x000000071a000000|  0%| F|  |TAMS 0x0000000719e00000| PB 0x0000000719e00000| Untracked 
| 208|0x000000071a000000, 0x000000071a000000, 0x000000071a200000|  0%| F|  |TAMS 0x000000071a000000| PB 0x000000071a000000| Untracked 
| 209|0x000000071a200000, 0x000000071a200000, 0x000000071a400000|  0%| F|  |TAMS 0x000000071a200000| PB 0x000000071a200000| Untracked 
| 210|0x000000071a400000, 0x000000071a400000, 0x000000071a600000|  0%| F|  |TAMS 0x000000071a400000| PB 0x000000071a400000| Untracked 
| 211|0x000000071a600000, 0x000000071a600000, 0x000000071a800000|  0%| F|  |TAMS 0x000000071a600000| PB 0x000000071a600000| Untracked 
| 212|0x000000071a800000, 0x000000071a800000, 0x000000071aa00000|  0%| F|  |TAMS 0x000000071a800000| PB 0x000000071a800000| Untracked 
| 213|0x000000071aa00000, 0x000000071aa00000, 0x000000071ac00000|  0%| F|  |TAMS 0x000000071aa00000| PB 0x000000071aa00000| Untracked 
| 214|0x000000071ac00000, 0x000000071ac00000, 0x000000071ae00000|  0%| F|  |TAMS 0x000000071ac00000| PB 0x000000071ac00000| Untracked 
| 215|0x000000071ae00000, 0x000000071af4a980, 0x000000071b000000| 64%| E|  |TAMS 0x000000071ae00000| PB 0x000000071ae00000| Complete 
| 216|0x000000071b000000, 0x000000071b200000, 0x000000071b200000|100%| E|CS|TAMS 0x000000071b000000| PB 0x000000071b000000| Complete 
| 217|0x000000071b200000, 0x000000071b400000, 0x000000071b400000|100%| E|CS|TAMS 0x000000071b200000| PB 0x000000071b200000| Complete 
| 218|0x000000071b400000, 0x000000071b600000, 0x000000071b600000|100%| E|  |TAMS 0x000000071b400000| PB 0x000000071b400000| Complete 
| 219|0x000000071b600000, 0x000000071b800000, 0x000000071b800000|100%| E|CS|TAMS 0x000000071b600000| PB 0x000000071b600000| Complete 
|2040|0x00000007ff000000, 0x00000007ff200000, 0x00000007ff200000|100%| O|  |TAMS 0x00000007ff200000| PB 0x00000007ff000000| Updating 
|2041|0x00000007ff200000, 0x00000007ff400000, 0x00000007ff400000|100%| O|  |TAMS 0x00000007ff400000| PB 0x00000007ff200000| Untracked 
|2042|0x00000007ff400000, 0x00000007ff600000, 0x00000007ff600000|100%| E|CS|TAMS 0x00000007ff400000| PB 0x00000007ff400000| Complete 
|2043|0x00000007ff600000, 0x00000007ff800000, 0x00000007ff800000|100%| O|  |TAMS 0x00000007ff800000| PB 0x00000007ff600000| Untracked 
|2044|0x00000007ff800000, 0x00000007ffa00000, 0x00000007ffa00000|100%| O|  |TAMS 0x00000007ffa00000| PB 0x00000007ff800000| Untracked 
|2045|0x00000007ffa00000, 0x00000007ffc00000, 0x00000007ffc00000|100%| O|  |TAMS 0x00000007ffc00000| PB 0x00000007ffa00000| Untracked 
|2046|0x00000007ffc00000, 0x00000007ffe00000, 0x00000007ffe00000|100%| O|  |TAMS 0x00000007ffe00000| PB 0x00000007ffc00000| Untracked 
|2047|0x00000007ffe00000, 0x0000000800000000, 0x0000000800000000|100%| O|  |TAMS 0x0000000800000000| PB 0x00000007ffe00000| Untracked 

Card table byte_map: [0x000001d160750000,0x000001d160f50000] _byte_map_base: 0x000001d15cf50000

Marking Bits: (CMBitMap*) 0x000001d1482a3240
 Bits: [0x000001d160f50000, 0x000001d164f50000)

Polling page: 0x000001d146360000

Metaspace:

Usage:
  Non-class:    119.54 MB used.
      Class:     19.78 MB used.
       Both:    139.32 MB used.

Virtual space:
  Non-class space:      128.00 MB reserved,     120.81 MB ( 94%) committed,  2 nodes.
      Class space:      832.00 MB reserved,      21.00 MB (  3%) committed,  1 nodes.
             Both:      960.00 MB reserved,     141.81 MB ( 15%) committed. 

Chunk freelists:
   Non-Class:  6.53 MB
       Class:  11.08 MB
        Both:  17.60 MB

MaxMetaspaceSize: 1.00 GB
CompressedClassSpaceSize: 832.00 MB
Initial GC threshold: 21.00 MB
Current GC threshold: 236.38 MB
CDS: on
 - commit_granule_bytes: 65536.
 - commit_granule_words: 8192.
 - virtual_space_node_default_size: 8388608.
 - enlarge_chunks_in_place: 1.
 - use_allocation_guard: 0.


Internal statistics:

num_allocs_failed_limit: 9.
num_arena_births: 4754.
num_arena_deaths: 288.
num_vsnodes_births: 3.
num_vsnodes_deaths: 0.
num_space_committed: 2268.
num_space_uncommitted: 0.
num_chunks_returned_to_freelist: 447.
num_chunks_taken_from_freelist: 11272.
num_chunk_merges: 195.
num_chunk_splits: 7339.
num_chunks_enlarged: 4680.
num_inconsistent_stats: 0.

CodeHeap 'non-profiled nmethods': size=119168Kb used=20884Kb max_used=20884Kb free=98283Kb
 bounds [0x000001d158270000, 0x000001d1596e0000, 0x000001d15f6d0000]
CodeHeap 'profiled nmethods': size=119104Kb used=48571Kb max_used=49780Kb free=70532Kb
 bounds [0x000001d1506d0000, 0x000001d153770000, 0x000001d157b20000]
CodeHeap 'non-nmethods': size=7488Kb used=3003Kb max_used=4772Kb free=4484Kb
 bounds [0x000001d157b20000, 0x000001d157fe0000, 0x000001d158270000]
 total_blobs=25787 nmethods=24724 adapters=966
 compilation: enabled
              stopped_count=0, restarted_count=0
 full_count=0

Compilation events (20 events):
Event: 2257.080 Thread 0x000001d1754c3130 29950       4       com.android.tools.r8.graph.Q0::a (433 bytes)
Event: 2257.085 Thread 0x000001d167ff48e0 nmethod 29879 0x000001d158d0b210 code [0x000001d158d0b3e0, 0x000001d158d0ba80]
Event: 2257.085 Thread 0x000001d167ff48e0 29641       4       com.android.tools.r8.ir.regalloc.b::a (1856 bytes)
Event: 2257.099 Thread 0x000001d167fee0e0 nmethod 29953 0x000001d158c00890 code [0x000001d158c00ae0, 0x000001d158c01a50]
Event: 2257.102 Thread 0x000001d167fee0e0 29917       4       com.android.tools.r8.internal.dG::b (641 bytes)
Event: 2257.320 Thread 0x000001d171738ed0 nmethod 29863 0x000001d158bfcc10 code [0x000001d158bfd040, 0x000001d158bff578]
Event: 2257.320 Thread 0x000001d171738ed0 29961 %     4       com.android.tools.r8.ir.regalloc.b::j @ 430 (1048 bytes)
Event: 2257.427 Thread 0x000001d167fee0e0 nmethod 29917 0x000001d158bf9490 code [0x000001d158bf9780, 0x000001d158bfb0d0]
Event: 2257.435 Thread 0x000001d1754c2a60 nmethod 29882 0x000001d159698010 code [0x000001d159698440, 0x000001d15969ae78]
Event: 2257.442 Thread 0x000001d167fee0e0 29968       4       com.android.tools.r8.internal.j7::a (198 bytes)
Event: 2257.448 Thread 0x000001d1754c2a60 29732       4       com.android.tools.r8.internal.Kl::a (3897 bytes)
Event: 2257.450 Thread 0x000001d171738130 nmethod 30030 0x000001d15969cc10 code [0x000001d15969d0a0, 0x000001d1596a0170]
Event: 2257.461 Thread 0x000001d171738130 29741       4       com.android.tools.r8.internal.Of::a (3403 bytes)
Event: 2257.481 Thread 0x000001d167fee0e0 nmethod 29968 0x000001d158bf8310 code [0x000001d158bf8540, 0x000001d158bf8d70]
Event: 2257.482 Thread 0x000001d167fee0e0 29665       4       com.android.tools.r8.ir.regalloc.b::a (974 bytes)
Event: 2258.165 Thread 0x000001d1754c3130 nmethod 29950 0x000001d1596a1b10 code [0x000001d1596a2120, 0x000001d1596a8150]
Event: 2258.172 Thread 0x000001d167ff4210 nmethod 30029 0x000001d1596ac910 code [0x000001d1596ad1c0, 0x000001d1596b3660]
Event: 2258.178 Thread 0x000001d1754c3130 29736       4       com.android.tools.r8.ir.regalloc.b::a (1521 bytes)
Event: 2258.187 Thread 0x000001d167ff4210 29648 %     4       com.android.tools.r8.internal.Q7::a @ 134 (1795 bytes)
Event: 2258.910 Thread 0x000001d167ff5d50 30034       3       com.android.tools.r8.internal.Kf::a (46 bytes)

GC Heap History (20 events):
Event: 23.110 GC heap before
{Heap before GC invocations=47 (full 0):
 garbage-first heap   total 352256K, used 273603K [0x0000000700000000, 0x0000000800000000)
  region size 2048K, 57 young (116736K), 4 survivors (8192K)
 Metaspace       used 131096K, committed 133440K, reserved 983040K
  class space    used 18944K, committed 20096K, reserved 851968K
}
Event: 23.116 GC heap after
{Heap after GC invocations=48 (full 0):
 garbage-first heap   total 352256K, used 167933K [0x0000000700000000, 0x0000000800000000)
  region size 2048K, 4 young (8192K), 4 survivors (8192K)
 Metaspace       used 131096K, committed 133440K, reserved 983040K
  class space    used 18944K, committed 20096K, reserved 851968K
}
Event: 23.395 GC heap before
{Heap before GC invocations=48 (full 0):
 garbage-first heap   total 352256K, used 319485K [0x0000000700000000, 0x0000000800000000)
  region size 2048K, 79 young (161792K), 4 survivors (8192K)
 Metaspace       used 132351K, committed 134784K, reserved 983040K
  class space    used 19227K, committed 20416K, reserved 851968K
}
Event: 23.402 GC heap after
{Heap after GC invocations=49 (full 0):
 garbage-first heap   total 442368K, used 170630K [0x0000000700000000, 0x0000000800000000)
  region size 2048K, 6 young (12288K), 6 survivors (12288K)
 Metaspace       used 132351K, committed 134784K, reserved 983040K
  class space    used 19227K, committed 20416K, reserved 851968K
}
Event: 23.660 GC heap before
{Heap before GC invocations=49 (full 0):
 garbage-first heap   total 442368K, used 404102K [0x0000000700000000, 0x0000000800000000)
  region size 2048K, 120 young (245760K), 6 survivors (12288K)
 Metaspace       used 132639K, committed 134976K, reserved 983040K
  class space    used 19252K, committed 20416K, reserved 851968K
}
Event: 23.666 GC heap after
{Heap after GC invocations=50 (full 0):
 garbage-first heap   total 442368K, used 171166K [0x0000000700000000, 0x0000000800000000)
  region size 2048K, 6 young (12288K), 6 survivors (12288K)
 Metaspace       used 132639K, committed 134976K, reserved 983040K
  class space    used 19252K, committed 20416K, reserved 851968K
}
Event: 23.893 GC heap before
{Heap before GC invocations=50 (full 0):
 garbage-first heap   total 442368K, used 404638K [0x0000000700000000, 0x0000000800000000)
  region size 2048K, 120 young (245760K), 6 survivors (12288K)
 Metaspace       used 132868K, committed 135232K, reserved 983040K
  class space    used 19271K, committed 20416K, reserved 851968K
}
Event: 23.899 GC heap after
{Heap after GC invocations=51 (full 0):
 garbage-first heap   total 442368K, used 175934K [0x0000000700000000, 0x0000000800000000)
  region size 2048K, 9 young (18432K), 9 survivors (18432K)
 Metaspace       used 132868K, committed 135232K, reserved 983040K
  class space    used 19271K, committed 20416K, reserved 851968K
}
Event: 24.174 GC heap before
{Heap before GC invocations=51 (full 0):
 garbage-first heap   total 442368K, used 395070K [0x0000000700000000, 0x0000000800000000)
  region size 2048K, 117 young (239616K), 9 survivors (18432K)
 Metaspace       used 133133K, committed 135488K, reserved 983040K
  class space    used 19280K, committed 20480K, reserved 851968K
}
Event: 24.180 GC heap after
{Heap after GC invocations=52 (full 0):
 garbage-first heap   total 442368K, used 171163K [0x0000000700000000, 0x0000000800000000)
  region size 2048K, 6 young (12288K), 6 survivors (12288K)
 Metaspace       used 133133K, committed 135488K, reserved 983040K
  class space    used 19280K, committed 20480K, reserved 851968K
}
Event: 24.753 GC heap before
{Heap before GC invocations=53 (full 0):
 garbage-first heap   total 442368K, used 402587K [0x0000000700000000, 0x0000000800000000)
  region size 2048K, 120 young (245760K), 6 survivors (12288K)
 Metaspace       used 133841K, committed 136192K, reserved 983040K
  class space    used 19349K, committed 20544K, reserved 851968K
}
Event: 24.758 GC heap after
{Heap after GC invocations=54 (full 0):
 garbage-first heap   total 442368K, used 170362K [0x0000000700000000, 0x0000000800000000)
  region size 2048K, 6 young (12288K), 6 survivors (12288K)
 Metaspace       used 133841K, committed 136192K, reserved 983040K
  class space    used 19349K, committed 20544K, reserved 851968K
}
Event: 26.860 GC heap before
{Heap before GC invocations=54 (full 0):
 garbage-first heap   total 452608K, used 448890K [0x0000000700000000, 0x0000000800000000)
  region size 2048K, 55 young (112640K), 6 survivors (12288K)
 Metaspace       used 135927K, committed 138368K, reserved 983040K
  class space    used 19595K, committed 20800K, reserved 851968K
}
Event: 26.870 GC heap after
{Heap after GC invocations=55 (full 0):
 garbage-first heap   total 466944K, used 166020K [0x0000000700000000, 0x0000000800000000)
  region size 2048K, 6 young (12288K), 6 survivors (12288K)
 Metaspace       used 135927K, committed 138368K, reserved 983040K
  class space    used 19595K, committed 20800K, reserved 851968K
}
Event: 1386.612 GC heap before
{Heap before GC invocations=55 (full 0):
 garbage-first heap   total 466944K, used 428164K [0x0000000700000000, 0x0000000800000000)
  region size 2048K, 134 young (274432K), 6 survivors (12288K)
 Metaspace       used 138026K, committed 140480K, reserved 983040K
  class space    used 19744K, committed 20992K, reserved 851968K
}
Event: 1386.628 GC heap after
{Heap after GC invocations=56 (full 0):
 garbage-first heap   total 466944K, used 176396K [0x0000000700000000, 0x0000000800000000)
  region size 2048K, 11 young (22528K), 11 survivors (22528K)
 Metaspace       used 138026K, committed 140480K, reserved 983040K
  class space    used 19744K, committed 20992K, reserved 851968K
}
Event: 2252.857 GC heap before
{Heap before GC invocations=56 (full 0):
 garbage-first heap   total 466944K, used 416012K [0x0000000700000000, 0x0000000800000000)
  region size 2048K, 129 young (264192K), 11 survivors (22528K)
 Metaspace       used 142608K, committed 145152K, reserved 983040K
  class space    used 20270K, committed 21504K, reserved 851968K
}
Event: 2252.892 GC heap after
{Heap after GC invocations=57 (full 0):
 garbage-first heap   total 466944K, used 182401K [0x0000000700000000, 0x0000000800000000)
  region size 2048K, 13 young (26624K), 13 survivors (26624K)
 Metaspace       used 142608K, committed 145152K, reserved 983040K
  class space    used 20270K, committed 21504K, reserved 851968K
}
Event: 2255.758 GC heap before
{Heap before GC invocations=57 (full 0):
 garbage-first heap   total 466944K, used 411777K [0x0000000700000000, 0x0000000800000000)
  region size 2048K, 126 young (258048K), 13 survivors (26624K)
 Metaspace       used 142727K, committed 145216K, reserved 983040K
  class space    used 20271K, committed 21504K, reserved 851968K
}
Event: 2255.903 GC heap after
{Heap after GC invocations=58 (full 0):
 garbage-first heap   total 466944K, used 202969K [0x0000000700000000, 0x0000000800000000)
  region size 2048K, 16 young (32768K), 16 survivors (32768K)
 Metaspace       used 142727K, committed 145216K, reserved 983040K
  class space    used 20271K, committed 21504K, reserved 851968K
}

Dll operation events (17 events):
Event: 0.009 Loaded shared library C:\Program Files\Java\jdk-21\bin\java.dll
Event: 0.039 Loaded shared library C:\Program Files\Java\jdk-21\bin\jsvml.dll
Event: 0.068 Loaded shared library C:\Program Files\Java\jdk-21\bin\zip.dll
Event: 0.070 Loaded shared library C:\Program Files\Java\jdk-21\bin\instrument.dll
Event: 0.073 Loaded shared library C:\Program Files\Java\jdk-21\bin\net.dll
Event: 0.075 Loaded shared library C:\Program Files\Java\jdk-21\bin\nio.dll
Event: 0.079 Loaded shared library C:\Program Files\Java\jdk-21\bin\zip.dll
Event: 0.167 Loaded shared library C:\Program Files\Java\jdk-21\bin\jimage.dll
Event: 0.209 Loaded shared library C:\Program Files\Java\jdk-21\bin\verify.dll
Event: 0.327 Loaded shared library D:\GradleHome\native\c067742578af261105cb4f569cf0c3c89f3d7b1fecec35dd04571415982c5e48\windows-amd64\native-platform.dll
Event: 0.330 Loaded shared library D:\GradleHome\native\38dada09dfb8b06ba9b0570ebf7e218e3eb74d4ef43ca46872605cf95ebc2f47\windows-amd64\native-platform-file-events.dll
Event: 0.817 Loaded shared library C:\Program Files\Java\jdk-21\bin\management.dll
Event: 0.819 Loaded shared library C:\Program Files\Java\jdk-21\bin\management_ext.dll
Event: 0.986 Loaded shared library C:\Program Files\Java\jdk-21\bin\extnet.dll
Event: 1.131 Loaded shared library C:\Program Files\Java\jdk-21\bin\sunmscapi.dll
Event: 2227.392 Loaded shared library C:\Users\sangh\AppData\Local\Temp\native-platform11089670772978712124dir\native-platform.dll
Event: 2228.087 Loaded shared library C:\Program Files\Java\jdk-21\bin\rmi.dll

Deoptimization events (20 events):
Event: 2256.685 Thread 0x000001d174b26970 DEOPT PACKING pc=0x000001d150bc7645 sp=0x0000009beb0fbf20
Event: 2256.685 Thread 0x000001d174b26970 DEOPT UNPACKING pc=0x000001d157b74e42 sp=0x0000009beb0fb480 mode 0
Event: 2256.686 Thread 0x000001d174b2d270 DEOPT PACKING pc=0x000001d150778ca4 sp=0x0000009bec0fbfb0
Event: 2256.686 Thread 0x000001d174b2d270 DEOPT UNPACKING pc=0x000001d157b74e42 sp=0x0000009bec0fb4c8 mode 0
Event: 2258.906 Thread 0x000001d173418eb0 Uncommon trap: trap_request=0xffffff45 fr.pc=0x000001d158f5730c relative=0x00000000000007ec
Event: 2258.906 Thread 0x000001d174b2df90 Uncommon trap: trap_request=0xffffff6e fr.pc=0x000001d158bfeedc relative=0x0000000000001e9c
Event: 2258.910 Thread 0x000001d173418eb0 Uncommon trap: reason=unstable_if action=reinterpret pc=0x000001d158f5730c method=com.android.tools.r8.internal.d9.a(ILcom/android/tools/r8/graph/y1;)Lcom/android/tools/r8/internal/c9; @ 99 c2
Event: 2258.911 Thread 0x000001d174b2df90 Uncommon trap: reason=loop_limit_check action=maybe_recompile pc=0x000001d158bfeedc method=com.android.tools.r8.internal.d9.b(I)Lcom/android/tools/r8/internal/vM; @ 105 c2
Event: 2258.912 Thread 0x000001d17341a8f0 Uncommon trap: trap_request=0xffffff6e fr.pc=0x000001d1596a62a8 relative=0x0000000000004188
Event: 2259.004 Thread 0x000001d17341a8f0 Uncommon trap: reason=loop_limit_check action=maybe_recompile pc=0x000001d1596a62a8 method=com.android.tools.r8.graph.Q0.a(Lcom/android/tools/r8/internal/ar;Lcom/android/tools/r8/internal/ar;Lcom/android/tools/r8/internal/ar;Ljava/util/ArrayList;Lcom/andr
Event: 2259.004 Thread 0x000001d173418eb0 DEOPT PACKING pc=0x000001d158f5730c sp=0x0000009beccfc4f0
Event: 2259.004 Thread 0x000001d173418eb0 DEOPT UNPACKING pc=0x000001d157b746a2 sp=0x0000009beccfc478 mode 2
Event: 2259.004 Thread 0x000001d174b2df90 DEOPT PACKING pc=0x000001d158bfeedc sp=0x0000009bec2fc160
Event: 2259.005 Thread 0x000001d174b2df90 DEOPT UNPACKING pc=0x000001d157b746a2 sp=0x0000009bec2fc150 mode 2
Event: 2259.007 Thread 0x000001d17341a8f0 DEOPT PACKING pc=0x000001d1596a62a8 sp=0x0000009becafb870
Event: 2259.007 Thread 0x000001d17341a8f0 DEOPT UNPACKING pc=0x000001d157b746a2 sp=0x0000009becafb858 mode 2
Event: 2259.008 Thread 0x000001d173418eb0 Uncommon trap: trap_request=0xffffff45 fr.pc=0x000001d158e1eea8 relative=0x00000000000021a8
Event: 2259.010 Thread 0x000001d173418eb0 Uncommon trap: reason=unstable_if action=reinterpret pc=0x000001d158e1eea8 method=com.android.tools.r8.internal.J4.c(Lcom/android/tools/r8/internal/J4;)Z @ 4 c2
Event: 2259.010 Thread 0x000001d173418eb0 DEOPT PACKING pc=0x000001d158e1eea8 sp=0x0000009beccfc110
Event: 2259.010 Thread 0x000001d173418eb0 DEOPT UNPACKING pc=0x000001d157b746a2 sp=0x0000009beccfc088 mode 2

Classes loaded (20 events):
Event: 2228.194 Loading class sun/rmi/server/LoaderHandler$Loader
Event: 2228.195 Loading class sun/rmi/server/LoaderHandler$Loader done
Event: 2228.241 Loading class java/rmi/server/ServerNotActiveException
Event: 2228.241 Loading class java/rmi/server/ServerNotActiveException done
Event: 2228.250 Loading class sun/rmi/transport/DGCAckHandler
Event: 2228.250 Loading class sun/rmi/transport/DGCAckHandler done
Event: 2228.351 Loading class sun/rmi/transport/DGCAckHandler$1
Event: 2228.351 Loading class sun/rmi/transport/DGCAckHandler$1 done
Event: 2228.370 Loading class sun/rmi/transport/tcp/TCPTransport$ConnectionHandler
Event: 2228.370 Loading class sun/rmi/transport/tcp/TCPTransport$ConnectionHandler done
Event: 2228.375 Loading class sun/rmi/transport/Transport$1
Event: 2228.375 Loading class sun/rmi/transport/Transport$1 done
Event: 2228.377 Loading class sun/rmi/transport/DGCImpl$LeaseInfo
Event: 2228.377 Loading class sun/rmi/transport/DGCImpl$LeaseInfo done
Event: 2228.377 Loading class sun/rmi/transport/DGCImpl$1
Event: 2228.377 Loading class sun/rmi/transport/DGCImpl$1 done
Event: 2228.377 Loading class sun/rmi/transport/SequenceEntry
Event: 2228.377 Loading class sun/rmi/transport/SequenceEntry done
Event: 2252.893 Loading class sun/rmi/transport/DGCClient$EndpointEntry$CleanRequest
Event: 2252.894 Loading class sun/rmi/transport/DGCClient$EndpointEntry$CleanRequest done

Classes unloaded (20 events):
Event: 2256.464 Thread 0x000001d167fbbfc0 Unloading class 0x000001d102346c00 'java/lang/invoke/LambdaForm$DMH+0x000001d102346c00'
Event: 2256.464 Thread 0x000001d167fbbfc0 Unloading class 0x000001d102346400 'java/lang/invoke/LambdaForm$DMH+0x000001d102346400'
Event: 2256.464 Thread 0x000001d167fbbfc0 Unloading class 0x000001d102346800 'java/lang/invoke/LambdaForm$DMH+0x000001d102346800'
Event: 2256.464 Thread 0x000001d167fbbfc0 Unloading class 0x000001d102345c00 'java/lang/invoke/LambdaForm$DMH+0x000001d102345c00'
Event: 2256.464 Thread 0x000001d167fbbfc0 Unloading class 0x000001d102345800 'java/lang/invoke/LambdaForm$DMH+0x000001d102345800'
Event: 2256.464 Thread 0x000001d167fbbfc0 Unloading class 0x000001d102345400 'java/lang/invoke/LambdaForm$DMH+0x000001d102345400'
Event: 2256.464 Thread 0x000001d167fbbfc0 Unloading class 0x000001d102345000 'java/lang/invoke/LambdaForm$DMH+0x000001d102345000'
Event: 2256.464 Thread 0x000001d167fbbfc0 Unloading class 0x000001d102344c00 'java/lang/invoke/LambdaForm$DMH+0x000001d102344c00'
Event: 2256.464 Thread 0x000001d167fbbfc0 Unloading class 0x000001d102344800 'java/lang/invoke/LambdaForm$DMH+0x000001d102344800'
Event: 2256.464 Thread 0x000001d167fbbfc0 Unloading class 0x000001d102344400 'java/lang/invoke/LambdaForm$DMH+0x000001d102344400'
Event: 2256.464 Thread 0x000001d167fbbfc0 Unloading class 0x000001d1022e2800 'java/lang/invoke/LambdaForm$DMH+0x000001d1022e2800'
Event: 2256.464 Thread 0x000001d167fbbfc0 Unloading class 0x000001d1022e2400 'java/lang/invoke/LambdaForm$DMH+0x000001d1022e2400'
Event: 2256.464 Thread 0x000001d167fbbfc0 Unloading class 0x000001d1022e2000 'java/lang/invoke/LambdaForm$DMH+0x000001d1022e2000'
Event: 2256.464 Thread 0x000001d167fbbfc0 Unloading class 0x000001d1022e1c00 'java/lang/invoke/LambdaForm$DMH+0x000001d1022e1c00'
Event: 2256.464 Thread 0x000001d167fbbfc0 Unloading class 0x000001d1022e1800 'java/lang/invoke/LambdaForm$DMH+0x000001d1022e1800'
Event: 2256.464 Thread 0x000001d167fbbfc0 Unloading class 0x000001d1022e1400 'java/lang/invoke/LambdaForm$DMH+0x000001d1022e1400'
Event: 2256.464 Thread 0x000001d167fbbfc0 Unloading class 0x000001d1022e1000 'java/lang/invoke/LambdaForm$DMH+0x000001d1022e1000'
Event: 2256.464 Thread 0x000001d167fbbfc0 Unloading class 0x000001d1022e0400 'java/lang/invoke/LambdaForm$DMH+0x000001d1022e0400'
Event: 2256.464 Thread 0x000001d167fbbfc0 Unloading class 0x000001d1022e0c00 'java/lang/invoke/LambdaForm$DMH+0x000001d1022e0c00'
Event: 2256.464 Thread 0x000001d167fbbfc0 Unloading class 0x000001d1022e0800 'java/lang/invoke/LambdaForm$DMH+0x000001d1022e0800'

Classes redefined (0 events):
No events

Internal exceptions (20 events):
Event: 2252.837 Thread 0x000001d1740849d0 Exception <a 'sun/nio/fs/WindowsException'{0x000000070cee9360}> (0x000000070cee9360) 
thrown [s\open\src\hotspot\share\prims\jni.cpp, line 520]
Event: 2252.838 Thread 0x000001d1740849d0 Exception <a 'sun/nio/fs/WindowsException'{0x000000070ceea380}> (0x000000070ceea380) 
thrown [s\open\src\hotspot\share\prims\jni.cpp, line 520]
Event: 2252.839 Thread 0x000001d1740849d0 Exception <a 'sun/nio/fs/WindowsException'{0x000000070ceec268}> (0x000000070ceec268) 
thrown [s\open\src\hotspot\share\prims\jni.cpp, line 520]
Event: 2252.839 Thread 0x000001d1740849d0 Exception <a 'sun/nio/fs/WindowsException'{0x000000070ceed288}> (0x000000070ceed288) 
thrown [s\open\src\hotspot\share\prims\jni.cpp, line 520]
Event: 2252.840 Thread 0x000001d1740849d0 Exception <a 'sun/nio/fs/WindowsException'{0x000000070ceef730}> (0x000000070ceef730) 
thrown [s\open\src\hotspot\share\prims\jni.cpp, line 520]
Event: 2252.840 Thread 0x000001d1740849d0 Exception <a 'sun/nio/fs/WindowsException'{0x000000070cef0850}> (0x000000070cef0850) 
thrown [s\open\src\hotspot\share\prims\jni.cpp, line 520]
Event: 2252.841 Thread 0x000001d1740849d0 Exception <a 'sun/nio/fs/WindowsException'{0x000000070cef2cf8}> (0x000000070cef2cf8) 
thrown [s\open\src\hotspot\share\prims\jni.cpp, line 520]
Event: 2252.841 Thread 0x000001d1740849d0 Exception <a 'sun/nio/fs/WindowsException'{0x000000070cef3e18}> (0x000000070cef3e18) 
thrown [s\open\src\hotspot\share\prims\jni.cpp, line 520]
Event: 2252.842 Thread 0x000001d1740849d0 Exception <a 'sun/nio/fs/WindowsException'{0x000000070cef62c0}> (0x000000070cef62c0) 
thrown [s\open\src\hotspot\share\prims\jni.cpp, line 520]
Event: 2252.842 Thread 0x000001d1740849d0 Exception <a 'sun/nio/fs/WindowsException'{0x000000070cef73e0}> (0x000000070cef73e0) 
thrown [s\open\src\hotspot\share\prims\jni.cpp, line 520]
Event: 2252.843 Thread 0x000001d1740849d0 Exception <a 'sun/nio/fs/WindowsException'{0x000000070cefd468}> (0x000000070cefd468) 
thrown [s\open\src\hotspot\share\prims\jni.cpp, line 520]
Event: 2252.844 Thread 0x000001d1740849d0 Exception <a 'sun/nio/fs/WindowsException'{0x000000070cefe588}> (0x000000070cefe588) 
thrown [s\open\src\hotspot\share\prims\jni.cpp, line 520]
Event: 2252.844 Thread 0x000001d1740849d0 Exception <a 'sun/nio/fs/WindowsException'{0x000000070cf00a30}> (0x000000070cf00a30) 
thrown [s\open\src\hotspot\share\prims\jni.cpp, line 520]
Event: 2252.844 Thread 0x000001d1740849d0 Exception <a 'sun/nio/fs/WindowsException'{0x000000070cf01b50}> (0x000000070cf01b50) 
thrown [s\open\src\hotspot\share\prims\jni.cpp, line 520]
Event: 2252.845 Thread 0x000001d1740849d0 Exception <a 'sun/nio/fs/WindowsException'{0x000000070cf03ff8}> (0x000000070cf03ff8) 
thrown [s\open\src\hotspot\share\prims\jni.cpp, line 520]
Event: 2252.846 Thread 0x000001d1740849d0 Exception <a 'sun/nio/fs/WindowsException'{0x000000070cf05118}> (0x000000070cf05118) 
thrown [s\open\src\hotspot\share\prims\jni.cpp, line 520]
Event: 2252.846 Thread 0x000001d1740849d0 Exception <a 'sun/nio/fs/WindowsException'{0x000000070cf075c0}> (0x000000070cf075c0) 
thrown [s\open\src\hotspot\share\prims\jni.cpp, line 520]
Event: 2252.847 Thread 0x000001d1740849d0 Exception <a 'sun/nio/fs/WindowsException'{0x000000070cf086e0}> (0x000000070cf086e0) 
thrown [s\open\src\hotspot\share\prims\jni.cpp, line 520]
Event: 2252.848 Thread 0x000001d1740849d0 Exception <a 'sun/nio/fs/WindowsException'{0x000000070cf0ab88}> (0x000000070cf0ab88) 
thrown [s\open\src\hotspot\share\prims\jni.cpp, line 520]
Event: 2252.849 Thread 0x000001d1740849d0 Exception <a 'sun/nio/fs/WindowsException'{0x000000070cf0bca8}> (0x000000070cf0bca8) 
thrown [s\open\src\hotspot\share\prims\jni.cpp, line 520]

ZGC Phase Switch (0 events):
No events

VM Operations (20 events):
Event: 2254.816 Executing VM operation: ICBufferFull
Event: 2254.835 Executing VM operation: ICBufferFull done
Event: 2254.836 Executing VM operation: ICBufferFull
Event: 2254.960 Executing VM operation: ICBufferFull done
Event: 2254.960 Executing VM operation: ICBufferFull
Event: 2254.970 Executing VM operation: ICBufferFull done
Event: 2254.976 Executing VM operation: ICBufferFull
Event: 2254.994 Executing VM operation: ICBufferFull done
Event: 2254.995 Executing VM operation: ICBufferFull
Event: 2254.997 Executing VM operation: ICBufferFull done
Event: 2254.998 Executing VM operation: ICBufferFull
Event: 2255.000 Executing VM operation: ICBufferFull done
Event: 2255.346 Executing VM operation: ICBufferFull
Event: 2255.349 Executing VM operation: ICBufferFull done
Event: 2255.757 Executing VM operation: G1CollectForAllocation (G1 Evacuation Pause)
Event: 2256.021 Executing VM operation: G1CollectForAllocation (G1 Evacuation Pause) done
Event: 2256.452 Executing VM operation: G1PauseRemark
Event: 2256.636 Executing VM operation: G1PauseRemark done
Event: 2257.650 Executing VM operation: Cleanup
Event: 2258.882 Executing VM operation: Cleanup done

Events (20 events):
Event: 2256.623 Thread 0x000001d167fbbfc0 flushing nmethod 0x000001d150edac90
Event: 2256.623 Thread 0x000001d167fbbfc0 flushing nmethod 0x000001d150eddd90
Event: 2256.623 Thread 0x000001d167fbbfc0 flushing nmethod 0x000001d150ede210
Event: 2256.623 Thread 0x000001d167fbbfc0 flushing nmethod 0x000001d150edeb10
Event: 2256.623 Thread 0x000001d167fbbfc0 flushing nmethod 0x000001d150edef90
Event: 2256.623 Thread 0x000001d167fbbfc0 flushing nmethod 0x000001d150f10690
Event: 2256.623 Thread 0x000001d167fbbfc0 flushing nmethod 0x000001d150f12e90
Event: 2256.623 Thread 0x000001d167fbbfc0 flushing nmethod 0x000001d150f13490
Event: 2256.623 Thread 0x000001d167fbbfc0 flushing nmethod 0x000001d150f14090
Event: 2256.623 Thread 0x000001d167fbbfc0 flushing nmethod 0x000001d150f1b290
Event: 2256.623 Thread 0x000001d167fbbfc0 flushing nmethod 0x000001d1512a0690
Event: 2256.623 Thread 0x000001d167fbbfc0 flushing nmethod 0x000001d1517d6610
Event: 2256.623 Thread 0x000001d167fbbfc0 flushing nmethod 0x000001d151dc5b90
Event: 2256.623 Thread 0x000001d167fbbfc0 flushing nmethod 0x000001d15268de90
Event: 2256.623 Thread 0x000001d167fbbfc0 flushing nmethod 0x000001d152695590
Event: 2256.623 Thread 0x000001d167fbbfc0 flushing nmethod 0x000001d1526bba90
Event: 2256.623 Thread 0x000001d167fbbfc0 flushing nmethod 0x000001d1526bc210
Event: 2258.906 Thread 0x000001d171acd940 Thread exited: 0x000001d171acd940
Event: 2258.907 Thread 0x000001d1754c82f0 Thread exited: 0x000001d1754c82f0
Event: 2258.910 Thread 0x000001d1754c6e80 Thread exited: 0x000001d1754c6e80


Dynamic libraries:
0x00007ff7f75c0000 - 0x00007ff7f75d0000 	C:\Program Files\Java\jdk-21\bin\java.exe
0x00007ff82f780000 - 0x00007ff82f9e6000 	C:\WINDOWS\SYSTEM32\ntdll.dll
0x00007ff82e240000 - 0x00007ff82e309000 	C:\WINDOWS\System32\KERNEL32.DLL
0x00007ff82ce60000 - 0x00007ff82d25f000 	C:\WINDOWS\System32\KERNELBASE.dll
0x00007ff82cc10000 - 0x00007ff82cd5c000 	C:\WINDOWS\System32\ucrtbase.dll
0x00007ff819df0000 - 0x00007ff819e0b000 	C:\Program Files\Java\jdk-21\bin\VCRUNTIME140.dll
0x00007ff819dd0000 - 0x00007ff819de9000 	C:\Program Files\Java\jdk-21\bin\jli.dll
0x00007ff82d990000 - 0x00007ff82da4c000 	C:\WINDOWS\System32\ADVAPI32.dll
0x00007ff82dcc0000 - 0x00007ff82dd69000 	C:\WINDOWS\System32\msvcrt.dll
0x00007ff82e380000 - 0x00007ff82e42a000 	C:\WINDOWS\System32\sechost.dll
0x00007ff82d690000 - 0x00007ff82d7a8000 	C:\WINDOWS\System32\RPCRT4.dll
0x00007ff82e430000 - 0x00007ff82e5f6000 	C:\WINDOWS\System32\USER32.dll
0x00007ff82ce30000 - 0x00007ff82ce57000 	C:\WINDOWS\System32\win32u.dll
0x00007ff8051a0000 - 0x00007ff805431000 	C:\WINDOWS\WinSxS\amd64_microsoft.windows.common-controls_6595b64144ccf1df_6.0.26100.8972_none_3e0da176e32f9d4b\COMCTL32.dll
0x00007ff82df00000 - 0x00007ff82df2b000 	C:\WINDOWS\System32\GDI32.dll
0x00007ff82c990000 - 0x00007ff82cab9000 	C:\WINDOWS\System32\gdi32full.dll
0x00007ff82d400000 - 0x00007ff82d4a3000 	C:\WINDOWS\System32\msvcp_win.dll
0x00007ff8188a0000 - 0x00007ff8188ab000 	C:\WINDOWS\SYSTEM32\VERSION.dll
0x00007ff82d4b0000 - 0x00007ff82d4e2000 	C:\WINDOWS\System32\IMM32.DLL
0x00007ff819dc0000 - 0x00007ff819dcc000 	C:\Program Files\Java\jdk-21\bin\vcruntime140_1.dll
0x00007ff819d30000 - 0x00007ff819dbe000 	C:\Program Files\Java\jdk-21\bin\msvcp140.dll
0x00007fffc63b0000 - 0x00007fffc70cd000 	C:\Program Files\Java\jdk-21\bin\server\jvm.dll
0x00007ff82dd80000 - 0x00007ff82de02000 	C:\WINDOWS\System32\WS2_32.dll
0x00007ff82c7f0000 - 0x00007ff82c84e000 	C:\WINDOWS\SYSTEM32\POWRPROF.dll
0x00007ff820e20000 - 0x00007ff820e56000 	C:\WINDOWS\SYSTEM32\WINMM.dll
0x00007ff82c7d0000 - 0x00007ff82c7e5000 	C:\WINDOWS\SYSTEM32\UMPDC.dll
0x00007ff82b680000 - 0x00007ff82b69b000 	C:\WINDOWS\SYSTEM32\kernel.appcore.dll
0x00007ff819d20000 - 0x00007ff819d2a000 	C:\Program Files\Java\jdk-21\bin\jimage.dll
0x00007ff82a0b0000 - 0x00007ff82a2f2000 	C:\WINDOWS\SYSTEM32\DBGHELP.DLL
0x00007ff82ea90000 - 0x00007ff82ee15000 	C:\WINDOWS\System32\combase.dll
0x00007ff82de10000 - 0x00007ff82dee9000 	C:\WINDOWS\System32\OLEAUT32.dll
0x00007ff8000a0000 - 0x00007ff8000db000 	C:\WINDOWS\SYSTEM32\dbgcore.DLL
0x00007ff82cd70000 - 0x00007ff82ce1c000 	C:\WINDOWS\System32\bcryptPrimitives.dll
0x00007ff819d10000 - 0x00007ff819d1f000 	C:\Program Files\Java\jdk-21\bin\instrument.dll
0x00007ff819cf0000 - 0x00007ff819d0f000 	C:\Program Files\Java\jdk-21\bin\java.dll
0x00007ff82ef80000 - 0x00007ff82f708000 	C:\WINDOWS\System32\SHELL32.dll
0x00007ff82a410000 - 0x00007ff82acab000 	C:\WINDOWS\SYSTEM32\windows.storage.dll
0x00007ff82ee80000 - 0x00007ff82ef79000 	C:\WINDOWS\System32\SHCORE.dll
0x00007ff82e310000 - 0x00007ff82e376000 	C:\WINDOWS\System32\shlwapi.dll
0x00007ff82c8b0000 - 0x00007ff82c8d9000 	C:\WINDOWS\SYSTEM32\profapi.dll
0x00007ff80c4b0000 - 0x00007ff80c587000 	C:\Program Files\Java\jdk-21\bin\jsvml.dll
0x00007ff819cd0000 - 0x00007ff819ce8000 	C:\Program Files\Java\jdk-21\bin\zip.dll
0x00007ff819cc0000 - 0x00007ff819cd0000 	C:\Program Files\Java\jdk-21\bin\net.dll
0x00007ff820be0000 - 0x00007ff820d08000 	C:\WINDOWS\SYSTEM32\WINHTTP.dll
0x00007ff82bc30000 - 0x00007ff82bc9c000 	C:\WINDOWS\system32\mswsock.dll
0x00007ff819ca0000 - 0x00007ff819cb6000 	C:\Program Files\Java\jdk-21\bin\nio.dll
0x00007ff819c90000 - 0x00007ff819ca0000 	C:\Program Files\Java\jdk-21\bin\verify.dll
0x00007ff819e20000 - 0x00007ff819e47000 	D:\GradleHome\native\c067742578af261105cb4f569cf0c3c89f3d7b1fecec35dd04571415982c5e48\windows-amd64\native-platform.dll
0x00007fffc6260000 - 0x00007fffc63a4000 	D:\GradleHome\native\38dada09dfb8b06ba9b0570ebf7e218e3eb74d4ef43ca46872605cf95ebc2f47\windows-amd64\native-platform-file-events.dll
0x00007ff819c80000 - 0x00007ff819c8a000 	C:\Program Files\Java\jdk-21\bin\management.dll
0x00007ff819c70000 - 0x00007ff819c7b000 	C:\Program Files\Java\jdk-21\bin\management_ext.dll
0x00007ff82d4f0000 - 0x00007ff82d4f8000 	C:\WINDOWS\System32\PSAPI.DLL
0x00007ff82bf20000 - 0x00007ff82bf3b000 	C:\WINDOWS\SYSTEM32\CRYPTSP.dll
0x00007ff82b5e0000 - 0x00007ff82b619000 	C:\WINDOWS\system32\rsaenh.dll
0x00007ff82bce0000 - 0x00007ff82bd12000 	C:\WINDOWS\SYSTEM32\USERENV.dll
0x00007ff82c880000 - 0x00007ff82c8aa000 	C:\WINDOWS\SYSTEM32\bcrypt.dll
0x00007ff82bf40000 - 0x00007ff82bf4c000 	C:\WINDOWS\SYSTEM32\CRYPTBASE.dll
0x00007ff82b060000 - 0x00007ff82b093000 	C:\WINDOWS\SYSTEM32\IPHLPAPI.DLL
0x00007ff82dd70000 - 0x00007ff82dd7a000 	C:\WINDOWS\System32\NSI.dll
0x00007ff819c60000 - 0x00007ff819c69000 	C:\Program Files\Java\jdk-21\bin\extnet.dll
0x00007ff819c50000 - 0x00007ff819c5e000 	C:\Program Files\Java\jdk-21\bin\sunmscapi.dll
0x00007ff82d270000 - 0x00007ff82d3ee000 	C:\WINDOWS\System32\CRYPT32.dll
0x00007ff82c160000 - 0x00007ff82c190000 	C:\WINDOWS\SYSTEM32\ncrypt.dll
0x00007ff82c110000 - 0x00007ff82c14f000 	C:\WINDOWS\SYSTEM32\NTASN1.dll
0x00007ffff2da0000 - 0x00007ffff2da8000 	C:\WINDOWS\system32\wshunix.dll
0x00007ff82b7b0000 - 0x00007ff82b7e6000 	C:\WINDOWS\SYSTEM32\ntmarta.dll
0x00007ffff9d40000 - 0x00007ffff9d58000 	C:\WINDOWS\system32\napinsp.dll
0x00007ff82b100000 - 0x00007ff82b258000 	C:\WINDOWS\SYSTEM32\DNSAPI.dll
0x00007ff82ba10000 - 0x00007ff82ba1d000 	C:\WINDOWS\SYSTEM32\DSPARSE.dll
0x00007ffff9d20000 - 0x00007ffff9d33000 	C:\WINDOWS\System32\winrnr.dll
0x00007ffff8030000 - 0x00007ffff8052000 	C:\WINDOWS\system32\nlansp_c.dll
0x00007ff81a3f0000 - 0x00007ff81a406000 	C:\WINDOWS\system32\wshbth.dll
0x00007ff81f750000 - 0x00007ff81f75b000 	C:\Windows\System32\rasadhlp.dll
0x00007ff8231d0000 - 0x00007ff823256000 	C:\WINDOWS\System32\fwpuclnt.dll
0x00007ffffc130000 - 0x00007ffffc14e000 	C:\Users\sangh\AppData\Local\Temp\native-platform11089670772978712124dir\native-platform.dll
0x00007ff819c00000 - 0x00007ff819c07000 	C:\Program Files\Java\jdk-21\bin\rmi.dll

dbghelp: loaded successfully - version: 4.0.5 - missing functions: none
symbol engine: initialized successfully - sym options: 0x614 - pdb path: .;C:\Program Files\Java\jdk-21\bin;C:\WINDOWS\SYSTEM32;C:\WINDOWS\WinSxS\amd64_microsoft.windows.common-controls_6595b64144ccf1df_6.0.26100.8972_none_3e0da176e32f9d4b;C:\Program Files\Java\jdk-21\bin\server;D:\GradleHome\native\c067742578af261105cb4f569cf0c3c89f3d7b1fecec35dd04571415982c5e48\windows-amd64;D:\GradleHome\native\38dada09dfb8b06ba9b0570ebf7e218e3eb74d4ef43ca46872605cf95ebc2f47\windows-amd64;C:\Users\sangh\AppData\Local\Temp\native-platform11089670772978712124dir

VM Arguments:
jvm_args: -XX:MaxMetaspaceSize=1024m -XX:+HeapDumpOnOutOfMemoryError --add-opens=java.base/java.util=ALL-UNNAMED --add-opens=java.base/java.lang=ALL-UNNAMED --add-opens=java.base/java.lang.invoke=ALL-UNNAMED --add-opens=java.prefs/java.util.prefs=ALL-UNNAMED --add-opens=java.base/java.nio.charset=ALL-UNNAMED --add-opens=java.base/java.net=ALL-UNNAMED --add-opens=java.base/java.util.concurrent.atomic=ALL-UNNAMED -Xmx4096m -Dfile.encoding=UTF-8 -Duser.country=IN -Duser.language=en -Duser.variant -javaagent:D:\GradleHome\wrapper\dists\gradle-8.5-bin\5t9huq95ubn472n8rpzujfbqh\gradle-8.5\lib\agents\gradle-instrumentation-agent-8.5.jar 
java_command: org.gradle.launcher.daemon.bootstrap.GradleDaemon 8.5
java_class_path (initial): D:\GradleHome\wrapper\dists\gradle-8.5-bin\5t9huq95ubn472n8rpzujfbqh\gradle-8.5\lib\gradle-launcher-8.5.jar
Launcher Type: SUN_STANDARD

[Global flags]
     intx CICompilerCount                          = 12                                        {product} {ergonomic}
   size_t CompressedClassSpaceSize                 = 872415232                                 {product} {ergonomic}
     uint ConcGCThreads                            = 3                                         {product} {ergonomic}
     uint G1ConcRefinementThreads                  = 13                                        {product} {ergonomic}
   size_t G1HeapRegionSize                         = 2097152                                   {product} {ergonomic}
    uintx GCDrainStackTargetSize                   = 64                                        {product} {ergonomic}
     bool HeapDumpOnOutOfMemoryError               = true                                   {manageable} {command line}
   size_t InitialHeapSize                          = 264241152                                 {product} {ergonomic}
   size_t MarkStackSize                            = 4194304                                   {product} {ergonomic}
   size_t MaxHeapSize                              = 4294967296                                {product} {command line}
   size_t MaxMetaspaceSize                         = 1073741824                                {product} {command line}
   size_t MaxNewSize                               = 2575302656                                {product} {ergonomic}
   size_t MinHeapDeltaBytes                        = 2097152                                   {product} {ergonomic}
   size_t MinHeapSize                              = 8388608                                   {product} {ergonomic}
    uintx NonNMethodCodeHeapSize                   = 7602480                                {pd product} {ergonomic}
    uintx NonProfiledCodeHeapSize                  = 122027880                              {pd product} {ergonomic}
    uintx ProfiledCodeHeapSize                     = 122027880                              {pd product} {ergonomic}
    uintx ReservedCodeCacheSize                    = 251658240                              {pd product} {ergonomic}
     bool SegmentedCodeCache                       = true                                      {product} {ergonomic}
   size_t SoftMaxHeapSize                          = 4294967296                             {manageable} {ergonomic}
     bool UseCompressedOops                        = true                           {product lp64_product} {ergonomic}
     bool UseG1GC                                  = true                                      {product} {ergonomic}
     bool UseLargePagesIndividualAllocation        = false                                  {pd product} {ergonomic}

Logging:
Log output configuration:
 #0: stdout all=warning uptime,level,tags foldmultilines=false
 #1: stderr all=off uptime,level,tags foldmultilines=false

Environment Variables:
JAVA_HOME=C:\Program Files\Java\jdk-21
PATH=C:\Program Files\Common Files\Oracle\Java\javapath;C:\WINDOWS\system32;C:\WINDOWS;C:\WINDOWS\System32\Wbem;C:\WINDOWS\System32\WindowsPowerShell\v1.0\;C:\WINDOWS\System32\OpenSSH\;C:\Program Files (x86)\Windows Kits\10\Windows Performance Toolkit\;C:\Program Files\dotnet\;C:\Program Files\nodejs\;C:\Program Files\Git\cmd;C:\Program Files\Microsoft SQL Server\170\Tools\Binn\;C:\Program Files\Microsoft SQL Server\Client SDK\ODBC\170\Tools\Binn\;C:\Program Files\MySQL\MySQL Shell 8.0\bin\;C:\Users\sangh\AppData\Local\Programs\Python\Python313\Scripts\;C:\Users\sangh\AppData\Local\Programs\Python\Python313\;C:\Users\sangh\AppData\Local\Programs\Python\Launcher\;C:\Users\sangh\AppData\Local\Microsoft\WindowsApps;C:\Users\sangh\AppData\Local\Programs\Microsoft VS Code\bin;C:\Users\sangh\AppData\Roaming\npm;C:\Users\sangh\.dotnet\tools;C:\Users\sangh\AppData\Local\Programs\cursor\resources\app\bin
USERNAME=sangh
OS=Windows_NT
PROCESSOR_IDENTIFIER=Intel64 Family 6 Model 186 Stepping 2, GenuineIntel
TMP=C:\Users\sangh\AppData\Local\Temp
TEMP=C:\Users\sangh\AppData\Local\Temp




Periodic native trim disabled

---------------  S Y S T E M  ---------------

OS:
 Windows 11 , 64 bit Build 26100 (10.0.26100.9168)
OS uptime: 12 days 3:16 hours
Hyper-V role detected

CPU: total 16 (initial active 16) (8 cores per cpu, 2 threads per core) family 6 model 186 stepping 2 microcode 0x410e, cx8, cmov, fxsr, ht, mmx, 3dnowpref, sse, sse2, sse3, ssse3, sse4.1, sse4.2, popcnt, lzcnt, tsc, tscinvbit, avx, avx2, aes, erms, clmul, bmi1, bmi2, adx, sha, fma, vzeroupper, clflush, clflushopt, clwb, hv, serialize, rdtscp, rdpid, fsrm, f16c, cet_ibt, cet_ss
Processor Information for processor 0
  Max Mhz: 2600, Current Mhz: 2600, Mhz Limit: 2600
Processor Information for processor 1
  Max Mhz: 2600, Current Mhz: 1496, Mhz Limit: 2600
Processor Information for processor 2
  Max Mhz: 2600, Current Mhz: 1496, Mhz Limit: 2600
Processor Information for processor 3
  Max Mhz: 2600, Current Mhz: 1496, Mhz Limit: 2600
Processor Information for processor 4
  Max Mhz: 2600, Current Mhz: 1496, Mhz Limit: 2600
Processor Information for processor 5
  Max Mhz: 2600, Current Mhz: 1496, Mhz Limit: 2600
Processor Information for processor 6
  Max Mhz: 2600, Current Mhz: 1496, Mhz Limit: 2600
Processor Information for processor 7
  Max Mhz: 2600, Current Mhz: 2600, Mhz Limit: 2600
Processor Information for processor 8
  Max Mhz: 2600, Current Mhz: 1500, Mhz Limit: 1898
Processor Information for processor 9
  Max Mhz: 2600, Current Mhz: 1500, Mhz Limit: 1898
Processor Information for processor 10
  Max Mhz: 2600, Current Mhz: 1900, Mhz Limit: 1898
Processor Information for processor 11
  Max Mhz: 2600, Current Mhz: 1500, Mhz Limit: 1898
Processor Information for processor 12
  Max Mhz: 2600, Current Mhz: 1900, Mhz Limit: 1898
Processor Information for processor 13
  Max Mhz: 2600, Current Mhz: 1900, Mhz Limit: 1898
Processor Information for processor 14
  Max Mhz: 2600, Current Mhz: 1900, Mhz Limit: 1898
Processor Information for processor 15
  Max Mhz: 2600, Current Mhz: 1500, Mhz Limit: 1898

Memory: 4k page, system-wide physical 16071M (1943M free)
TotalPageFile size 25810M (AvailPageFile size 429M)
current process WorkingSet (physical memory assigned to process): 938M, peak: 1036M
current process commit charge ("private bytes"): 1078M, peak: 1101M

vm_info: Java HotSpot(TM) 64-Bit Server VM (21.0.8+12-LTS-250) for windows-amd64 JRE (21.0.8+12-LTS-250), built on 2025-06-27T08:11:22Z by "mach5one" with MS VC++ 17.6 (VS2022)

END.
