#
# There is insufficient memory for the Java Runtime Environment to continue.
# Native memory allocation (mmap) failed to map 243269632 bytes for G1 virtual space
# Possible reasons:
#   The system is out of physical RAM or swap space
#   The process is running with CompressedOops enabled, and the Java Heap may be blocking the growth of the native heap
# Possible solutions:
#   Reduce memory load on the system
#   Increase physical memory or swap space
#   Check if swap backing store is full
#   Decrease Java heap size (-Xmx/-Xms)
#   Decrease number of Java threads
#   Decrease Java thread stack sizes (-Xss)
#   Set larger code cache with -XX:ReservedCodeCacheSize=
#   JVM is running with Zero Based Compressed Oops mode in which the Java heap is
#     placed in the first 32GB address space. The Java Heap base address is the
#     maximum limit for the native heap growth. Please use -XX:HeapBaseMinAddress
#     to set the Java Heap base and to place the Java Heap above 32GB virtual address.
# This output file may be truncated or incomplete.
#
#  Out of Memory Error (os_windows.cpp:3603), pid=40664, tid=29648
#
# JRE version: Java(TM) SE Runtime Environment (21.0.8+12) (build 21.0.8+12-LTS-250)
# Java VM: Java HotSpot(TM) 64-Bit Server VM (21.0.8+12-LTS-250, mixed mode, sharing, tiered, compressed oops, compressed class ptrs, g1 gc, windows-amd64)
# No core dump will be written. Minidumps are not enabled by default on client versions of Windows
#

---------------  S U M M A R Y ------------

Command Line: -XX:MaxMetaspaceSize=1024m -XX:+HeapDumpOnOutOfMemoryError --add-opens=java.base/java.util=ALL-UNNAMED --add-opens=java.base/java.lang=ALL-UNNAMED --add-opens=java.base/java.lang.invoke=ALL-UNNAMED --add-opens=java.prefs/java.util.prefs=ALL-UNNAMED --add-exports=jdk.compiler/com.sun.tools.javac.api=ALL-UNNAMED --add-exports=jdk.compiler/com.sun.tools.javac.util=ALL-UNNAMED --add-opens=java.base/java.nio.charset=ALL-UNNAMED --add-opens=java.base/java.net=ALL-UNNAMED --add-opens=java.base/java.util.concurrent.atomic=ALL-UNNAMED -Xmx4096m -Dfile.encoding=UTF-8 -Duser.country=IN -Duser.language=en -Duser.variant -javaagent:D:\GradleHome\wrapper\dists\gradle-8.9-bin\90cnw93cvbtalezasaz0blq0a\gradle-8.9\lib\agents\gradle-instrumentation-agent-8.9.jar org.gradle.launcher.daemon.bootstrap.GradleDaemon 8.9

Host: 13th Gen Intel(R) Core(TM) i5-13500H, 16 cores, 15G,  Windows 11 , 64 bit Build 26100 (10.0.26100.9168)
Time: Wed Aug 26 23:04:23 2026 India Standard Time elapsed time: 625.943650 seconds (0d 0h 10m 25s)

---------------  T H R E A D  ---------------

Current thread (0x000001bdc866cea0):  VMThread "VM Thread"          [id=29648, stack(0x000000887ca00000,0x000000887cb00000) (1024K)]

Stack: [0x000000887ca00000,0x000000887cb00000]
Native frames: (J=compiled Java code, j=interpreted, Vv=VM code, C=native code)
V  [jvm.dll+0x6cc179]
V  [jvm.dll+0x8584c1]
V  [jvm.dll+0x85a9ee]
V  [jvm.dll+0x85b0c3]
V  [jvm.dll+0x27ebf6]
V  [jvm.dll+0x6c88f5]
V  [jvm.dll+0x6bd45a]
V  [jvm.dll+0x354b1a]
V  [jvm.dll+0x35c796]
V  [jvm.dll+0x3af85e]
V  [jvm.dll+0x3afb08]
V  [jvm.dll+0x328e2c]
V  [jvm.dll+0x32b686]
V  [jvm.dll+0x335638]
V  [jvm.dll+0x36b965]
V  [jvm.dll+0x860e90]
V  [jvm.dll+0x862214]
V  [jvm.dll+0x862750]
V  [jvm.dll+0x8629f3]
V  [jvm.dll+0x80279b]
V  [jvm.dll+0x6ca85d]
C  [ucrtbase.dll+0x2cd30]
C  [KERNEL32.DLL+0x2ccb7]
C  [ntdll.dll+0xaad6c]

VM_Operation (0x000000887c5ff8a0): G1PauseRemark, mode: safepoint, requested by thread 0x000001bda95e7a80


---------------  P R O C E S S  ---------------

Threads class SMR info:
_java_thread_list=0x000001bd84dc2840, length=235, elements={
0x000001bda72c9d90, 0x000001bdc868bf00, 0x000001bdc868c560, 0x000001bdc868d490,
0x000001bdc868ebe0, 0x000001bdc8697ea0, 0x000001bdc8699ac0, 0x000001bdc869cf60,
0x000001bdc869e340, 0x000001bdc94cffa0, 0x000001bdc96466e0, 0x000001bd84f09a30,
0x000001bdc9ca4e70, 0x000001bd84471550, 0x000001bd841ffc00, 0x000001bd84fecf80,
0x000001bdc943d2a0, 0x000001bdc93e62d0, 0x000001bdc93e6930, 0x000001bd84c393b0,
0x000001bd84c39a40, 0x000001bd84c3bb10, 0x000001bd84c3c1a0, 0x000001bd84c3b480,
0x000001bd84c3a0d0, 0x000001bd84c3a760, 0x000001bd84c3adf0, 0x000001bd84c3c830,
0x000001bd87d5b620, 0x000001bd87d581a0, 0x000001bd87d59be0, 0x000001bd87d5af90,
0x000001bd87d5a900, 0x000001bd89931430, 0x000001bd89931ac0, 0x000001bd89930710,
0x000001bd89930080, 0x000001bd8992f9f0, 0x000001bd89934f40, 0x000001bd89932150,
0x000001bd89935c60, 0x000001bd899348b0, 0x000001bd899355d0, 0x000001bd899327e0,
0x000001bd899362f0, 0x000001bd89932e70, 0x000001bd89933500, 0x000001bd89937010,
0x000001bd88adf5e0, 0x000001bd88adc160, 0x000001bd88adfc70, 0x000001bd88adce80,
0x000001bd88adc7f0, 0x000001bd88ae23d0, 0x000001bd88ae16b0, 0x000001bd88ae1020,
0x000001bd88ae2a60, 0x000001bd88ae1d40, 0x000001bd88ae0300, 0x000001bd88ae3780,
0x000001bd88ae0990, 0x000001bd8bc3a4e0, 0x000001bd8bc39130, 0x000001bd8bc39e50,
0x000001bd8bc38aa0, 0x000001bd8bc37060, 0x000001bd8bc376f0, 0x000001bd8bc37d80,
0x000001bd8bc38410, 0x000001bd884ecf80, 0x000001bd884ef6e0, 0x000001bd884f0a90,
0x000001bd884ed610, 0x000001bd884ee9c0, 0x000001bd884ef050, 0x000001bd884f0400,
0x000001bd884edca0, 0x000001bd884f17b0, 0x000001bd884f1120, 0x000001bd884ee330,
0x000001bd884f1e40, 0x000001bd884f2b60, 0x000001bd884f24d0, 0x000001bd884f3880,
0x000001bd884f31f0, 0x000001bd884f45a0, 0x000001bd884f3f10, 0x000001bd88c7c150,
0x000001bd88c7b430, 0x000001bd88c7d500, 0x000001bd88c7ada0, 0x000001bd88c7c7e0,
0x000001bd88c7e8b0, 0x000001bd8526ba80, 0x000001bd8526b3f0, 0x000001bd88ade230,
0x000001bd88addba0, 0x000001bd88adef50, 0x000001bd88add510, 0x000001bd88ade8c0,
0x000001bd8cad6ed0, 0x000001bd8cad8280, 0x000001bd8cad4e00, 0x000001bd8cada350,
0x000001bd8cada9e0, 0x000001bd89933b90, 0x000001bd89934220, 0x000001bd89930da0,
0x000001bd879f4a80, 0x000001bd87d58ec0, 0x000001bd8956b7a0, 0x000001bd8956be30,
0x000001bd8956cb50, 0x000001bd89569d60, 0x000001bd895696d0, 0x000001bd8956c4c0,
0x000001bd8956ffd0, 0x000001bd8956d1e0, 0x000001bd8956f2b0, 0x000001bd8956ec20,
0x000001bd89570cf0, 0x000001bd8956d870, 0x000001bd89571380, 0x000001bd8956f940,
0x000001bd8956df00, 0x000001bd89571a10, 0x000001bd8956e590, 0x000001bd895720a0,
0x000001bd89572730, 0x000001bd89572dc0, 0x000001bd89573450, 0x000001bd87fce3e0,
0x000001bd87fcaf60, 0x000001bd87fcea70, 0x000001bd87fcb5f0, 0x000001bd87fcf100,
0x000001bd87fd2580, 0x000001bd87fcf790, 0x000001bd87fd2c10, 0x000001bd87fd11d0,
0x000001bd87fd3930, 0x000001bd87fd32a0, 0x000001bd87e74670, 0x000001bd87e760b0,
0x000001bd87e74d00, 0x000001bd87e75390, 0x000001bd87e73950, 0x000001bd87e79bc0,
0x000001bd87e79530, 0x000001bd87e77af0, 0x000001bd87e77460, 0x000001bd87e78ea0,
0x000001bd87e78180, 0x000001bd87e78810, 0x000001bd89569040, 0x000001bd9c662720,
0x000001bd9c662db0, 0x000001bd9c6647f0, 0x000001bd9c666230, 0x000001bd9c664e80,
0x000001bd9c663440, 0x000001bd9c665ba0, 0x000001bd9c6668c0, 0x000001bd9c666f50,
0x000001bd9c663ad0, 0x000001bd9c6675e0, 0x000001bd9c664160, 0x000001bd9c665510,
0x000001bd9c669d40, 0x000001bd9c66a3d0, 0x000001bd9c668990, 0x000001bd9c669020,
0x000001bd9c66b0f0, 0x000001bd9c66aa60, 0x000001bd9c667c70, 0x000001bd9c6696b0,
0x000001bd9c66b780, 0x000001bd9c668300, 0x000001bd9c66ec00, 0x000001bd9c66c4a0,
0x000001bd9c66cb30, 0x000001bd9c66d850, 0x000001bd9c66d1c0, 0x000001bd9c66f290,
0x000001bd9c66dee0, 0x000001bd9c66be10, 0x000001bd9c670640, 0x000001bd9c66f920,
0x000001bd9c66ffb0, 0x000001bd9c66e570, 0x000001bd9c670cd0, 0x000001bd9c671360,
0x000001bd9c6719f0, 0x000001bd8e21c2a0, 0x000001bd8e21dce0, 0x000001bd8e21a860,
0x000001bd8e21cfc0, 0x000001bd8e21bc10, 0x000001bd8e21e370, 0x000001bd8e21d650,
0x000001bd8e21aef0, 0x000001bd8e21f090, 0x000001bd8e21ea00, 0x000001bd8e21f720,
0x000001bd8e21c930, 0x000001bd8e220440, 0x000001bd8e221e80, 0x000001bd8e223230,
0x000001bd8e2217f0, 0x000001bd8e222510, 0x000001bd8e220ad0, 0x000001bd8e221160,
0x000001bd8e235980, 0x000001bd87e6af80, 0x000001bd87e6c330, 0x000001bd87e6bca0,
0x000001bd87e6c9c0, 0x000001bd87e6d050, 0x000001bd87e6dd70, 0x000001bd87e6d6e0,
0x000001bd87e6a8f0, 0x000001bd87e704d0, 0x000001bd87e70b60, 0x000001bd87e71880,
0x000001bd87e71f10, 0x000001bd87e725a0, 0x000001bd87e76dd0, 0x000001bd8aa81c60,
0x000001bd8aa830d0, 0x000001bd8bee8730, 0x000001bd8e22aee0, 0x000001bd8aa837a0,
0x000001bd8aa82330, 0x000001bd8beea940, 0x000001bd8ae29bb0
}

Java Threads: ( => current thread )
  0x000001bda72c9d90 JavaThread "main"                              [_thread_blocked, id=22264, stack(0x000000887c300000,0x000000887c400000) (1024K)]
  0x000001bdc868bf00 JavaThread "Reference Handler"          daemon [_thread_blocked, id=1116, stack(0x000000887cb00000,0x000000887cc00000) (1024K)]
  0x000001bdc868c560 JavaThread "Finalizer"                  daemon [_thread_blocked, id=32092, stack(0x000000887cc00000,0x000000887cd00000) (1024K)]
  0x000001bdc868d490 JavaThread "Signal Dispatcher"          daemon [_thread_blocked, id=35588, stack(0x000000887cd00000,0x000000887ce00000) (1024K)]
  0x000001bdc868ebe0 JavaThread "Attach Listener"            daemon [_thread_blocked, id=15972, stack(0x000000887ce00000,0x000000887cf00000) (1024K)]
  0x000001bdc8697ea0 JavaThread "Service Thread"             daemon [_thread_blocked, id=15260, stack(0x000000887cf00000,0x000000887d000000) (1024K)]
  0x000001bdc8699ac0 JavaThread "Monitor Deflation Thread"   daemon [_thread_blocked, id=16612, stack(0x000000887d000000,0x000000887d100000) (1024K)]
  0x000001bdc869cf60 JavaThread "C2 CompilerThread0"         daemon [_thread_blocked, id=20392, stack(0x000000887d100000,0x000000887d200000) (1024K)]
  0x000001bdc869e340 JavaThread "C1 CompilerThread0"         daemon [_thread_blocked, id=30876, stack(0x000000887d200000,0x000000887d300000) (1024K)]
  0x000001bdc94cffa0 JavaThread "Common-Cleaner"             daemon [_thread_blocked, id=1324, stack(0x000000887d300000,0x000000887d400000) (1024K)]
  0x000001bdc96466e0 JavaThread "Notification Thread"        daemon [_thread_blocked, id=15536, stack(0x000000887d600000,0x000000887d700000) (1024K)]
  0x000001bd84f09a30 JavaThread "Daemon health stats"               [_thread_blocked, id=32024, stack(0x000000887de00000,0x000000887df00000) (1024K)]
  0x000001bdc9ca4e70 JavaThread "Incoming local TCP Connector on port 64229"        [_thread_in_native, id=21140, stack(0x000000887e200000,0x000000887e300000) (1024K)]
  0x000001bd84471550 JavaThread "Daemon periodic checks"            [_thread_blocked, id=27884, stack(0x000000887e300000,0x000000887e400000) (1024K)]
  0x000001bd841ffc00 JavaThread "Daemon"                            [_thread_blocked, id=4832, stack(0x000000887e400000,0x000000887e500000) (1024K)]
  0x000001bd84fecf80 JavaThread "Handler for socket connection from /127.0.0.1:64229 to /127.0.0.1:64230"        [_thread_in_native, id=35576, stack(0x000000887e500000,0x000000887e600000) (1024K)]
  0x000001bdc943d2a0 JavaThread "Cancel handler"                    [_thread_blocked, id=17312, stack(0x000000887e600000,0x000000887e700000) (1024K)]
  0x000001bdc93e62d0 JavaThread "Daemon worker"                     [_thread_blocked, id=19404, stack(0x000000887e700000,0x000000887e800000) (1024K)]
  0x000001bdc93e6930 JavaThread "Asynchronous log dispatcher for DefaultDaemonConnection: socket connection from /127.0.0.1:64229 to /127.0.0.1:64230"        [_thread_blocked, id=17040, stack(0x000000887e800000,0x000000887e900000) (1024K)]
  0x000001bd84c393b0 JavaThread "Stdin handler"                     [_thread_blocked, id=13964, stack(0x000000887e900000,0x000000887ea00000) (1024K)]
  0x000001bd84c39a40 JavaThread "Daemon client event forwarder"        [_thread_blocked, id=2036, stack(0x000000887ea00000,0x000000887eb00000) (1024K)]
  0x000001bd84c3bb10 JavaThread "Cache worker for journal cache (D:\GradleHome\caches\journal-1)"        [_thread_blocked, id=22284, stack(0x000000887eb00000,0x000000887ec00000) (1024K)]
  0x000001bd84c3c1a0 JavaThread "File lock request listener"        [_thread_in_native, id=21064, stack(0x000000887ec00000,0x000000887ed00000) (1024K)]
  0x000001bd84c3b480 JavaThread "Cache worker for file hash cache (D:\GradleHome\caches\8.9\fileHashes)"        [_thread_blocked, id=40716, stack(0x000000887ed00000,0x000000887ee00000) (1024K)]
  0x000001bd84c3a0d0 JavaThread "Cache worker for file hash cache (E:\SURBHI\onshift\apps\android\.gradle\8.9\fileHashes)"        [_thread_blocked, id=41476, stack(0x000000887f600000,0x000000887f700000) (1024K)]
  0x000001bd84c3a760 JavaThread "Cache worker for Build Output Cleanup Cache (E:\SURBHI\onshift\apps\android\.gradle\buildOutputCleanup)"        [_thread_blocked, id=33660, stack(0x000000887f700000,0x000000887f800000) (1024K)]
  0x000001bd84c3adf0 JavaThread "File watcher server"        daemon [_thread_blocked, id=23308, stack(0x000000887f800000,0x000000887f900000) (1024K)]
  0x000001bd84c3c830 JavaThread "File watcher consumer"      daemon [_thread_blocked, id=42688, stack(0x000000887f900000,0x000000887fa00000) (1024K)]
  0x000001bd87d5b620 JavaThread "Cache worker for checksums cache (E:\SURBHI\onshift\apps\android\.gradle\8.9\checksums)"        [_thread_blocked, id=40248, stack(0x000000887fa00000,0x000000887fb00000) (1024K)]
  0x000001bd87d581a0 JavaThread "Cache worker for file content cache (D:\GradleHome\caches\8.9\fileContent)"        [_thread_blocked, id=13888, stack(0x000000887fb00000,0x000000887fc00000) (1024K)]
  0x000001bd87d59be0 JavaThread "Cache worker for cache directory md-rule (D:\GradleHome\caches\8.9\md-rule)"        [_thread_blocked, id=41080, stack(0x000000887fc00000,0x000000887fd00000) (1024K)]
  0x000001bd87d5af90 JavaThread "Cache worker for cache directory md-supplier (D:\GradleHome\caches\8.9\md-supplier)"        [_thread_blocked, id=40852, stack(0x000000887fd00000,0x000000887fe00000) (1024K)]
  0x000001bd87d5a900 JavaThread "Kotlin DSL Writer"                 [_thread_blocked, id=35224, stack(0x0000008800100000,0x0000008800200000) (1024K)]
  0x000001bd89931430 JavaThread "Unconstrained build operations"        [_thread_blocked, id=30820, stack(0x0000008800800000,0x0000008800900000) (1024K)]
  0x000001bd89931ac0 JavaThread "Unconstrained build operations Thread 2"        [_thread_blocked, id=15452, stack(0x0000008800900000,0x0000008800a00000) (1024K)]
  0x000001bd89930710 JavaThread "Unconstrained build operations Thread 3"        [_thread_blocked, id=39728, stack(0x0000008800a00000,0x0000008800b00000) (1024K)]
  0x000001bd89930080 JavaThread "Unconstrained build operations Thread 4"        [_thread_blocked, id=21520, stack(0x0000008800b00000,0x0000008800c00000) (1024K)]
  0x000001bd8992f9f0 JavaThread "Unconstrained build operations Thread 5"        [_thread_blocked, id=22860, stack(0x0000008800c00000,0x0000008800d00000) (1024K)]
  0x000001bd89934f40 JavaThread "Unconstrained build operations Thread 6"        [_thread_blocked, id=37460, stack(0x0000008800d00000,0x0000008800e00000) (1024K)]
  0x000001bd89932150 JavaThread "Unconstrained build operations Thread 7"        [_thread_blocked, id=35744, stack(0x0000008800e00000,0x0000008800f00000) (1024K)]
  0x000001bd89935c60 JavaThread "Unconstrained build operations Thread 8"        [_thread_blocked, id=31500, stack(0x0000008800f00000,0x0000008801000000) (1024K)]
  0x000001bd899348b0 JavaThread "Unconstrained build operations Thread 9"        [_thread_blocked, id=17080, stack(0x0000008801000000,0x0000008801100000) (1024K)]
  0x000001bd899355d0 JavaThread "Unconstrained build operations Thread 10"        [_thread_blocked, id=32640, stack(0x0000008801100000,0x0000008801200000) (1024K)]
  0x000001bd899327e0 JavaThread "Unconstrained build operations Thread 11"        [_thread_blocked, id=40380, stack(0x0000008801200000,0x0000008801300000) (1024K)]
  0x000001bd899362f0 JavaThread "Unconstrained build operations Thread 12"        [_thread_blocked, id=39888, stack(0x0000008801300000,0x0000008801400000) (1024K)]
  0x000001bd89932e70 JavaThread "Unconstrained build operations Thread 13"        [_thread_blocked, id=42076, stack(0x0000008801400000,0x0000008801500000) (1024K)]
  0x000001bd89933500 JavaThread "Unconstrained build operations Thread 14"        [_thread_blocked, id=41376, stack(0x0000008801500000,0x0000008801600000) (1024K)]
  0x000001bd89937010 JavaThread "Unconstrained build operations Thread 15"        [_thread_blocked, id=12336, stack(0x0000008801600000,0x0000008801700000) (1024K)]
  0x000001bd88adf5e0 JavaThread "Unconstrained build operations Thread 16"        [_thread_blocked, id=6032, stack(0x0000008800400000,0x0000008800500000) (1024K)]
  0x000001bd88adc160 JavaThread "Unconstrained build operations Thread 17"        [_thread_blocked, id=30796, stack(0x0000008800600000,0x0000008800700000) (1024K)]
  0x000001bd88adfc70 JavaThread "Unconstrained build operations Thread 18"        [_thread_blocked, id=38044, stack(0x0000008801700000,0x0000008801800000) (1024K)]
  0x000001bd88adce80 JavaThread "Unconstrained build operations Thread 19"        [_thread_blocked, id=41172, stack(0x0000008801800000,0x0000008801900000) (1024K)]
  0x000001bd88adc7f0 JavaThread "Unconstrained build operations Thread 20"        [_thread_blocked, id=41240, stack(0x0000008801900000,0x0000008801a00000) (1024K)]
  0x000001bd88ae23d0 JavaThread "Unconstrained build operations Thread 21"        [_thread_blocked, id=10744, stack(0x0000008801a00000,0x0000008801b00000) (1024K)]
  0x000001bd88ae16b0 JavaThread "Unconstrained build operations Thread 22"        [_thread_blocked, id=2168, stack(0x0000008801b00000,0x0000008801c00000) (1024K)]
  0x000001bd88ae1020 JavaThread "Unconstrained build operations Thread 23"        [_thread_blocked, id=17400, stack(0x0000008801c00000,0x0000008801d00000) (1024K)]
  0x000001bd88ae2a60 JavaThread "Unconstrained build operations Thread 24"        [_thread_blocked, id=23056, stack(0x0000008801d00000,0x0000008801e00000) (1024K)]
  0x000001bd88ae1d40 JavaThread "Unconstrained build operations Thread 25"        [_thread_blocked, id=37352, stack(0x0000008801e00000,0x0000008801f00000) (1024K)]
  0x000001bd88ae0300 JavaThread "Unconstrained build operations Thread 26"        [_thread_blocked, id=20900, stack(0x0000008801f00000,0x0000008802000000) (1024K)]
  0x000001bd88ae3780 JavaThread "Unconstrained build operations Thread 27"        [_thread_blocked, id=10592, stack(0x0000008802000000,0x0000008802100000) (1024K)]
  0x000001bd88ae0990 JavaThread "Unconstrained build operations Thread 28"        [_thread_blocked, id=9636, stack(0x0000008802100000,0x0000008802200000) (1024K)]
  0x000001bd8bc3a4e0 JavaThread "Unconstrained build operations Thread 29"        [_thread_blocked, id=14664, stack(0x0000008802200000,0x0000008802300000) (1024K)]
  0x000001bd8bc39130 JavaThread "Unconstrained build operations Thread 30"        [_thread_blocked, id=40680, stack(0x0000008802300000,0x0000008802400000) (1024K)]
  0x000001bd8bc39e50 JavaThread "Unconstrained build operations Thread 31"        [_thread_blocked, id=2216, stack(0x0000008802400000,0x0000008802500000) (1024K)]
  0x000001bd8bc38aa0 JavaThread "Unconstrained build operations Thread 32"        [_thread_blocked, id=34948, stack(0x0000008802500000,0x0000008802600000) (1024K)]
  0x000001bd8bc37060 JavaThread "Unconstrained build operations Thread 33"        [_thread_blocked, id=27876, stack(0x0000008802600000,0x0000008802700000) (1024K)]
  0x000001bd8bc376f0 JavaThread "Unconstrained build operations Thread 34"        [_thread_blocked, id=3232, stack(0x0000008802700000,0x0000008802800000) (1024K)]
  0x000001bd8bc37d80 JavaThread "Unconstrained build operations Thread 35"        [_thread_blocked, id=22616, stack(0x0000008802800000,0x0000008802900000) (1024K)]
  0x000001bd8bc38410 JavaThread "Unconstrained build operations Thread 36"        [_thread_blocked, id=34168, stack(0x0000008802900000,0x0000008802a00000) (1024K)]
  0x000001bd884ecf80 JavaThread "Unconstrained build operations Thread 37"        [_thread_blocked, id=30792, stack(0x0000008802a00000,0x0000008802b00000) (1024K)]
  0x000001bd884ef6e0 JavaThread "Unconstrained build operations Thread 38"        [_thread_blocked, id=25044, stack(0x0000008802b00000,0x0000008802c00000) (1024K)]
  0x000001bd884f0a90 JavaThread "Unconstrained build operations Thread 39"        [_thread_blocked, id=29036, stack(0x0000008802c00000,0x0000008802d00000) (1024K)]
  0x000001bd884ed610 JavaThread "Unconstrained build operations Thread 40"        [_thread_blocked, id=816, stack(0x0000008802d00000,0x0000008802e00000) (1024K)]
  0x000001bd884ee9c0 JavaThread "Unconstrained build operations Thread 41"        [_thread_blocked, id=35352, stack(0x0000008802e00000,0x0000008802f00000) (1024K)]
  0x000001bd884ef050 JavaThread "Unconstrained build operations Thread 42"        [_thread_blocked, id=33300, stack(0x0000008802f00000,0x0000008803000000) (1024K)]
  0x000001bd884f0400 JavaThread "Unconstrained build operations Thread 43"        [_thread_blocked, id=42032, stack(0x0000008803000000,0x0000008803100000) (1024K)]
  0x000001bd884edca0 JavaThread "Unconstrained build operations Thread 44"        [_thread_blocked, id=13192, stack(0x0000008803100000,0x0000008803200000) (1024K)]
  0x000001bd884f17b0 JavaThread "Unconstrained build operations Thread 45"        [_thread_blocked, id=41800, stack(0x0000008803200000,0x0000008803300000) (1024K)]
  0x000001bd884f1120 JavaThread "Unconstrained build operations Thread 46"        [_thread_blocked, id=10376, stack(0x0000008800500000,0x0000008800600000) (1024K)]
  0x000001bd884ee330 JavaThread "Unconstrained build operations Thread 47"        [_thread_blocked, id=32244, stack(0x0000008803300000,0x0000008803400000) (1024K)]
  0x000001bd884f1e40 JavaThread "Unconstrained build operations Thread 48"        [_thread_blocked, id=20320, stack(0x0000008803400000,0x0000008803500000) (1024K)]
  0x000001bd884f2b60 JavaThread "Unconstrained build operations Thread 49"        [_thread_blocked, id=35072, stack(0x0000008803500000,0x0000008803600000) (1024K)]
  0x000001bd884f24d0 JavaThread "Unconstrained build operations Thread 50"        [_thread_blocked, id=36748, stack(0x0000008803600000,0x0000008803700000) (1024K)]
  0x000001bd884f3880 JavaThread "Unconstrained build operations Thread 51"        [_thread_blocked, id=27916, stack(0x0000008803700000,0x0000008803800000) (1024K)]
  0x000001bd884f31f0 JavaThread "Unconstrained build operations Thread 52"        [_thread_blocked, id=17568, stack(0x0000008803800000,0x0000008803900000) (1024K)]
  0x000001bd884f45a0 JavaThread "Unconstrained build operations Thread 53"        [_thread_blocked, id=1108, stack(0x0000008803900000,0x0000008803a00000) (1024K)]
  0x000001bd884f3f10 JavaThread "Unconstrained build operations Thread 54"        [_thread_blocked, id=7732, stack(0x0000008803c00000,0x0000008803d00000) (1024K)]
  0x000001bd88c7c150 JavaThread "Unconstrained build operations Thread 55"        [_thread_blocked, id=40476, stack(0x0000008800200000,0x0000008800300000) (1024K)]
  0x000001bd88c7b430 JavaThread "Unconstrained build operations Thread 56"        [_thread_blocked, id=1544, stack(0x0000008800700000,0x0000008800800000) (1024K)]
  0x000001bd88c7d500 JavaThread "Unconstrained build operations Thread 57"        [_thread_blocked, id=41204, stack(0x0000008803a00000,0x0000008803b00000) (1024K)]
  0x000001bd88c7ada0 JavaThread "Unconstrained build operations Thread 58"        [_thread_blocked, id=24872, stack(0x0000008803b00000,0x0000008803c00000) (1024K)]
  0x000001bd88c7c7e0 JavaThread "Unconstrained build operations Thread 59"        [_thread_blocked, id=40100, stack(0x0000008803d00000,0x0000008803e00000) (1024K)]
  0x000001bd88c7e8b0 JavaThread "Unconstrained build operations Thread 60"        [_thread_blocked, id=24568, stack(0x0000008803e00000,0x0000008803f00000) (1024K)]
  0x000001bd8526ba80 JavaThread "Unconstrained build operations Thread 61"        [_thread_blocked, id=19060, stack(0x0000008804700000,0x0000008804800000) (1024K)]
  0x000001bd8526b3f0 JavaThread "Unconstrained build operations Thread 62"        [_thread_blocked, id=16176, stack(0x0000008804800000,0x0000008804900000) (1024K)]
  0x000001bd88ade230 JavaThread "Unconstrained build operations Thread 63"        [_thread_blocked, id=39884, stack(0x0000008804900000,0x0000008804a00000) (1024K)]
  0x000001bd88addba0 JavaThread "Unconstrained build operations Thread 64"        [_thread_blocked, id=18940, stack(0x0000008804a00000,0x0000008804b00000) (1024K)]
  0x000001bd88adef50 JavaThread "Unconstrained build operations Thread 65"        [_thread_blocked, id=41956, stack(0x0000008804b00000,0x0000008804c00000) (1024K)]
  0x000001bd88add510 JavaThread "Unconstrained build operations Thread 66"        [_thread_blocked, id=8660, stack(0x0000008804c00000,0x0000008804d00000) (1024K)]
  0x000001bd88ade8c0 JavaThread "Unconstrained build operations Thread 67"        [_thread_blocked, id=15272, stack(0x0000008804d00000,0x0000008804e00000) (1024K)]
  0x000001bd8cad6ed0 JavaThread "Unconstrained build operations Thread 68"        [_thread_blocked, id=34228, stack(0x0000008804e00000,0x0000008804f00000) (1024K)]
  0x000001bd8cad8280 JavaThread "Unconstrained build operations Thread 69"        [_thread_blocked, id=33428, stack(0x0000008804f00000,0x0000008805000000) (1024K)]
  0x000001bd8cad4e00 JavaThread "Unconstrained build operations Thread 70"        [_thread_blocked, id=33128, stack(0x0000008805000000,0x0000008805100000) (1024K)]
  0x000001bd8cada350 JavaThread "Unconstrained build operations Thread 71"        [_thread_blocked, id=35912, stack(0x0000008805100000,0x0000008805200000) (1024K)]
  0x000001bd8cada9e0 JavaThread "Unconstrained build operations Thread 72"        [_thread_blocked, id=1548, stack(0x0000008805200000,0x0000008805300000) (1024K)]
  0x000001bd89933b90 JavaThread "Unconstrained build operations Thread 73"        [_thread_blocked, id=21248, stack(0x0000008805300000,0x0000008805400000) (1024K)]
  0x000001bd89934220 JavaThread "Unconstrained build operations Thread 74"        [_thread_blocked, id=5800, stack(0x0000008805400000,0x0000008805500000) (1024K)]
  0x000001bd89930da0 JavaThread "Unconstrained build operations Thread 75"        [_thread_blocked, id=42760, stack(0x0000008805500000,0x0000008805600000) (1024K)]
  0x000001bd879f4a80 JavaThread "Memory manager"                    [_thread_blocked, id=42548, stack(0x0000008804400000,0x0000008804500000) (1024K)]
  0x000001bd87d58ec0 JavaThread "build event listener"              [_thread_blocked, id=33904, stack(0x0000008804500000,0x0000008804600000) (1024K)]
  0x000001bd8956b7a0 JavaThread "included builds"                   [_thread_blocked, id=33368, stack(0x0000008804100000,0x0000008804200000) (1024K)]
  0x000001bd8956be30 JavaThread "Execution worker"                  [_thread_blocked, id=8164, stack(0x0000008804200000,0x0000008804300000) (1024K)]
  0x000001bd8956cb50 JavaThread "Execution worker Thread 2"         [_thread_blocked, id=42996, stack(0x0000008804300000,0x0000008804400000) (1024K)]
  0x000001bd89569d60 JavaThread "Execution worker Thread 3"         [_thread_blocked, id=14112, stack(0x0000008804600000,0x0000008804700000) (1024K)]
  0x000001bd895696d0 JavaThread "Execution worker Thread 4"         [_thread_blocked, id=42624, stack(0x0000008805600000,0x0000008805700000) (1024K)]
  0x000001bd8956c4c0 JavaThread "Execution worker Thread 5"         [_thread_blocked, id=42176, stack(0x0000008805700000,0x0000008805800000) (1024K)]
  0x000001bd8956ffd0 JavaThread "Execution worker Thread 6"         [_thread_blocked, id=30508, stack(0x0000008805800000,0x0000008805900000) (1024K)]
  0x000001bd8956d1e0 JavaThread "Execution worker Thread 7"         [_thread_blocked, id=31472, stack(0x0000008805900000,0x0000008805a00000) (1024K)]
  0x000001bd8956f2b0 JavaThread "Execution worker Thread 8"         [_thread_blocked, id=18280, stack(0x0000008805a00000,0x0000008805b00000) (1024K)]
  0x000001bd8956ec20 JavaThread "Execution worker Thread 9"         [_thread_blocked, id=10496, stack(0x0000008805b00000,0x0000008805c00000) (1024K)]
  0x000001bd89570cf0 JavaThread "Execution worker Thread 10"        [_thread_blocked, id=7468, stack(0x0000008805c00000,0x0000008805d00000) (1024K)]
  0x000001bd8956d870 JavaThread "Execution worker Thread 11"        [_thread_blocked, id=16444, stack(0x0000008805d00000,0x0000008805e00000) (1024K)]
  0x000001bd89571380 JavaThread "Execution worker Thread 12"        [_thread_blocked, id=39904, stack(0x0000008805e00000,0x0000008805f00000) (1024K)]
  0x000001bd8956f940 JavaThread "Execution worker Thread 13"        [_thread_blocked, id=30596, stack(0x0000008805f00000,0x0000008806000000) (1024K)]
  0x000001bd8956df00 JavaThread "Execution worker Thread 14"        [_thread_blocked, id=19624, stack(0x0000008806000000,0x0000008806100000) (1024K)]
  0x000001bd89571a10 JavaThread "Execution worker Thread 15"        [_thread_blocked, id=20532, stack(0x0000008806100000,0x0000008806200000) (1024K)]
  0x000001bd8956e590 JavaThread "Cache worker for execution history cache (E:\SURBHI\onshift\apps\android\.gradle\8.9\executionHistory)"        [_thread_blocked, id=33332, stack(0x0000008806200000,0x0000008806300000) (1024K)]
  0x000001bd895720a0 JavaThread "Unconstrained build operations Thread 76"        [_thread_blocked, id=42824, stack(0x0000008806800000,0x0000008806900000) (1024K)]
  0x000001bd89572730 JavaThread "Unconstrained build operations Thread 77"        [_thread_blocked, id=39124, stack(0x0000008806900000,0x0000008806a00000) (1024K)]
  0x000001bd89572dc0 JavaThread "Unconstrained build operations Thread 78"        [_thread_blocked, id=32844, stack(0x0000008806a00000,0x0000008806b00000) (1024K)]
  0x000001bd89573450 JavaThread "Unconstrained build operations Thread 79"        [_thread_blocked, id=29928, stack(0x0000008806b00000,0x0000008806c00000) (1024K)]
  0x000001bd87fce3e0 JavaThread "Unconstrained build operations Thread 80"        [_thread_blocked, id=19968, stack(0x0000008806c00000,0x0000008806d00000) (1024K)]
  0x000001bd87fcaf60 JavaThread "Unconstrained build operations Thread 81"        [_thread_blocked, id=18104, stack(0x0000008806d00000,0x0000008806e00000) (1024K)]
  0x000001bd87fcea70 JavaThread "Unconstrained build operations Thread 82"        [_thread_blocked, id=16624, stack(0x0000008806e00000,0x0000008806f00000) (1024K)]
  0x000001bd87fcb5f0 JavaThread "Unconstrained build operations Thread 83"        [_thread_blocked, id=15160, stack(0x0000008806f00000,0x0000008807000000) (1024K)]
  0x000001bd87fcf100 JavaThread "Unconstrained build operations Thread 84"        [_thread_blocked, id=39980, stack(0x0000008807000000,0x0000008807100000) (1024K)]
  0x000001bd87fd2580 JavaThread "Unconstrained build operations Thread 85"        [_thread_blocked, id=11364, stack(0x0000008807100000,0x0000008807200000) (1024K)]
  0x000001bd87fcf790 JavaThread "Unconstrained build operations Thread 86"        [_thread_blocked, id=39120, stack(0x0000008807200000,0x0000008807300000) (1024K)]
  0x000001bd87fd2c10 JavaThread "Unconstrained build operations Thread 87"        [_thread_blocked, id=36920, stack(0x0000008807300000,0x0000008807400000) (1024K)]
  0x000001bd87fd11d0 JavaThread "Unconstrained build operations Thread 88"        [_thread_blocked, id=42040, stack(0x0000008807400000,0x0000008807500000) (1024K)]
  0x000001bd87fd3930 JavaThread "Unconstrained build operations Thread 89"        [_thread_blocked, id=21580, stack(0x0000008807500000,0x0000008807600000) (1024K)]
  0x000001bd87fd32a0 JavaThread "Unconstrained build operations Thread 90"        [_thread_blocked, id=16240, stack(0x0000008807600000,0x0000008807700000) (1024K)]
  0x000001bd87e74670 JavaThread "Unconstrained build operations Thread 91"        [_thread_blocked, id=42424, stack(0x0000008803f00000,0x0000008804000000) (1024K)]
  0x000001bd87e760b0 JavaThread "Unconstrained build operations Thread 92"        [_thread_blocked, id=42380, stack(0x0000008806400000,0x0000008806500000) (1024K)]
  0x000001bd87e74d00 JavaThread "Unconstrained build operations Thread 93"        [_thread_blocked, id=12036, stack(0x0000008806500000,0x0000008806600000) (1024K)]
  0x000001bd87e75390 JavaThread "Unconstrained build operations Thread 94"        [_thread_blocked, id=30664, stack(0x0000008806600000,0x0000008806700000) (1024K)]
  0x000001bd87e73950 JavaThread "Unconstrained build operations Thread 95"        [_thread_blocked, id=41528, stack(0x0000008806700000,0x0000008806800000) (1024K)]
  0x000001bd87e79bc0 JavaThread "Unconstrained build operations Thread 96"        [_thread_blocked, id=10860, stack(0x0000008807700000,0x0000008807800000) (1024K)]
  0x000001bd87e79530 JavaThread "Unconstrained build operations Thread 97"        [_thread_blocked, id=1392, stack(0x0000008807800000,0x0000008807900000) (1024K)]
  0x000001bd87e77af0 JavaThread "Unconstrained build operations Thread 98"        [_thread_blocked, id=3896, stack(0x0000008807900000,0x0000008807a00000) (1024K)]
  0x000001bd87e77460 JavaThread "Unconstrained build operations Thread 99"        [_thread_blocked, id=33160, stack(0x0000008807a00000,0x0000008807b00000) (1024K)]
  0x000001bd87e78ea0 JavaThread "Unconstrained build operations Thread 100"        [_thread_blocked, id=17888, stack(0x0000008807b00000,0x0000008807c00000) (1024K)]
  0x000001bd87e78180 JavaThread "Unconstrained build operations Thread 101"        [_thread_blocked, id=22840, stack(0x0000008807c00000,0x0000008807d00000) (1024K)]
  0x000001bd87e78810 JavaThread "Unconstrained build operations Thread 102"        [_thread_blocked, id=34896, stack(0x0000008807d00000,0x0000008807e00000) (1024K)]
  0x000001bd89569040 JavaThread "Unconstrained build operations Thread 103"        [_thread_blocked, id=8636, stack(0x0000008807e00000,0x0000008807f00000) (1024K)]
  0x000001bd9c662720 JavaThread "Unconstrained build operations Thread 104"        [_thread_blocked, id=38484, stack(0x0000008807f00000,0x0000008808000000) (1024K)]
  0x000001bd9c662db0 JavaThread "Unconstrained build operations Thread 105"        [_thread_blocked, id=10104, stack(0x0000008808000000,0x0000008808100000) (1024K)]
  0x000001bd9c6647f0 JavaThread "Unconstrained build operations Thread 106"        [_thread_blocked, id=38788, stack(0x0000008808100000,0x0000008808200000) (1024K)]
  0x000001bd9c666230 JavaThread "Unconstrained build operations Thread 107"        [_thread_blocked, id=13220, stack(0x0000008808200000,0x0000008808300000) (1024K)]
  0x000001bd9c664e80 JavaThread "Unconstrained build operations Thread 108"        [_thread_blocked, id=27276, stack(0x0000008808300000,0x0000008808400000) (1024K)]
  0x000001bd9c663440 JavaThread "Unconstrained build operations Thread 109"        [_thread_blocked, id=40480, stack(0x0000008808400000,0x0000008808500000) (1024K)]
  0x000001bd9c665ba0 JavaThread "Unconstrained build operations Thread 110"        [_thread_blocked, id=41908, stack(0x0000008808500000,0x0000008808600000) (1024K)]
  0x000001bd9c6668c0 JavaThread "Unconstrained build operations Thread 111"        [_thread_blocked, id=42932, stack(0x0000008808600000,0x0000008808700000) (1024K)]
  0x000001bd9c666f50 JavaThread "Unconstrained build operations Thread 112"        [_thread_blocked, id=22156, stack(0x0000008808700000,0x0000008808800000) (1024K)]
  0x000001bd9c663ad0 JavaThread "Unconstrained build operations Thread 113"        [_thread_blocked, id=20812, stack(0x0000008800300000,0x0000008800400000) (1024K)]
  0x000001bd9c6675e0 JavaThread "Unconstrained build operations Thread 114"        [_thread_blocked, id=33488, stack(0x0000008808800000,0x0000008808900000) (1024K)]
  0x000001bd9c664160 JavaThread "Unconstrained build operations Thread 115"        [_thread_blocked, id=37552, stack(0x0000008808900000,0x0000008808a00000) (1024K)]
  0x000001bd9c665510 JavaThread "Unconstrained build operations Thread 116"        [_thread_blocked, id=35944, stack(0x0000008808a00000,0x0000008808b00000) (1024K)]
  0x000001bd9c669d40 JavaThread "Unconstrained build operations Thread 117"        [_thread_blocked, id=36652, stack(0x0000008808b00000,0x0000008808c00000) (1024K)]
  0x000001bd9c66a3d0 JavaThread "Unconstrained build operations Thread 118"        [_thread_blocked, id=1832, stack(0x0000008808c00000,0x0000008808d00000) (1024K)]
  0x000001bd9c668990 JavaThread "Unconstrained build operations Thread 119"        [_thread_blocked, id=39456, stack(0x0000008808d00000,0x0000008808e00000) (1024K)]
  0x000001bd9c669020 JavaThread "Unconstrained build operations Thread 120"        [_thread_blocked, id=15120, stack(0x0000008808e00000,0x0000008808f00000) (1024K)]
  0x000001bd9c66b0f0 JavaThread "Unconstrained build operations Thread 121"        [_thread_blocked, id=23088, stack(0x0000008808f00000,0x0000008809000000) (1024K)]
  0x000001bd9c66aa60 JavaThread "Unconstrained build operations Thread 122"        [_thread_blocked, id=42192, stack(0x0000008809000000,0x0000008809100000) (1024K)]
  0x000001bd9c667c70 JavaThread "Unconstrained build operations Thread 123"        [_thread_blocked, id=16960, stack(0x0000008800000000,0x0000008800100000) (1024K)]
  0x000001bd9c6696b0 JavaThread "Unconstrained build operations Thread 124"        [_thread_blocked, id=12680, stack(0x0000008809100000,0x0000008809200000) (1024K)]
  0x000001bd9c66b780 JavaThread "Unconstrained build operations Thread 125"        [_thread_blocked, id=27548, stack(0x0000008809200000,0x0000008809300000) (1024K)]
  0x000001bd9c668300 JavaThread "Unconstrained build operations Thread 126"        [_thread_blocked, id=32064, stack(0x0000008809300000,0x0000008809400000) (1024K)]
  0x000001bd9c66ec00 JavaThread "Unconstrained build operations Thread 127"        [_thread_blocked, id=11672, stack(0x0000008809400000,0x0000008809500000) (1024K)]
  0x000001bd9c66c4a0 JavaThread "Unconstrained build operations Thread 128"        [_thread_blocked, id=18044, stack(0x0000008809500000,0x0000008809600000) (1024K)]
  0x000001bd9c66cb30 JavaThread "Unconstrained build operations Thread 129"        [_thread_blocked, id=23856, stack(0x0000008809600000,0x0000008809700000) (1024K)]
  0x000001bd9c66d850 JavaThread "Unconstrained build operations Thread 130"        [_thread_blocked, id=26888, stack(0x0000008809700000,0x0000008809800000) (1024K)]
  0x000001bd9c66d1c0 JavaThread "Unconstrained build operations Thread 131"        [_thread_blocked, id=30456, stack(0x0000008809800000,0x0000008809900000) (1024K)]
  0x000001bd9c66f290 JavaThread "Unconstrained build operations Thread 132"        [_thread_blocked, id=40604, stack(0x0000008804000000,0x0000008804100000) (1024K)]
  0x000001bd9c66dee0 JavaThread "Unconstrained build operations Thread 133"        [_thread_blocked, id=42168, stack(0x0000008809900000,0x0000008809a00000) (1024K)]
  0x000001bd9c66be10 JavaThread "Unconstrained build operations Thread 134"        [_thread_blocked, id=39616, stack(0x0000008809a00000,0x0000008809b00000) (1024K)]
  0x000001bd9c670640 JavaThread "Unconstrained build operations Thread 135"        [_thread_blocked, id=36248, stack(0x0000008809b00000,0x0000008809c00000) (1024K)]
  0x000001bd9c66f920 JavaThread "Unconstrained build operations Thread 136"        [_thread_blocked, id=32068, stack(0x0000008809c00000,0x0000008809d00000) (1024K)]
  0x000001bd9c66ffb0 JavaThread "Unconstrained build operations Thread 137"        [_thread_blocked, id=42960, stack(0x0000008809d00000,0x0000008809e00000) (1024K)]
  0x000001bd9c66e570 JavaThread "Unconstrained build operations Thread 138"        [_thread_blocked, id=23704, stack(0x0000008809e00000,0x0000008809f00000) (1024K)]
  0x000001bd9c670cd0 JavaThread "Unconstrained build operations Thread 139"        [_thread_blocked, id=37024, stack(0x0000008809f00000,0x000000880a000000) (1024K)]
  0x000001bd9c671360 JavaThread "Unconstrained build operations Thread 140"        [_thread_blocked, id=32032, stack(0x000000880a000000,0x000000880a100000) (1024K)]
  0x000001bd9c6719f0 JavaThread "Unconstrained build operations Thread 141"        [_thread_blocked, id=31256, stack(0x000000880a100000,0x000000880a200000) (1024K)]
  0x000001bd8e21c2a0 JavaThread "Unconstrained build operations Thread 142"        [_thread_blocked, id=24560, stack(0x000000880a500000,0x000000880a600000) (1024K)]
  0x000001bd8e21dce0 JavaThread "Unconstrained build operations Thread 143"        [_thread_blocked, id=34792, stack(0x000000880a600000,0x000000880a700000) (1024K)]
  0x000001bd8e21a860 JavaThread "Unconstrained build operations Thread 144"        [_thread_blocked, id=40540, stack(0x000000880a700000,0x000000880a800000) (1024K)]
  0x000001bd8e21cfc0 JavaThread "Unconstrained build operations Thread 145"        [_thread_blocked, id=20256, stack(0x000000880a800000,0x000000880a900000) (1024K)]
  0x000001bd8e21bc10 JavaThread "Unconstrained build operations Thread 146"        [_thread_blocked, id=5276, stack(0x000000880a900000,0x000000880aa00000) (1024K)]
  0x000001bd8e21e370 JavaThread "Unconstrained build operations Thread 147"        [_thread_blocked, id=28752, stack(0x000000880aa00000,0x000000880ab00000) (1024K)]
  0x000001bd8e21d650 JavaThread "Unconstrained build operations Thread 148"        [_thread_blocked, id=39660, stack(0x000000880ab00000,0x000000880ac00000) (1024K)]
  0x000001bd8e21aef0 JavaThread "Unconstrained build operations Thread 149"        [_thread_blocked, id=29508, stack(0x000000880a200000,0x000000880a300000) (1024K)]
  0x000001bd8e21f090 JavaThread "Unconstrained build operations Thread 150"        [_thread_blocked, id=9864, stack(0x000000880ac00000,0x000000880ad00000) (1024K)]
  0x000001bd8e21ea00 JavaThread "Unconstrained build operations Thread 151"        [_thread_blocked, id=42312, stack(0x000000880ad00000,0x000000880ae00000) (1024K)]
  0x000001bd8e21f720 JavaThread "Unconstrained build operations Thread 152"        [_thread_blocked, id=20780, stack(0x000000880ae00000,0x000000880af00000) (1024K)]
  0x000001bd8e21c930 JavaThread "Unconstrained build operations Thread 153"        [_thread_blocked, id=1424, stack(0x000000880b400000,0x000000880b500000) (1024K)]
  0x000001bd8e220440 JavaThread "Unconstrained build operations Thread 154"        [_thread_blocked, id=21436, stack(0x000000880b500000,0x000000880b600000) (1024K)]
  0x000001bd8e221e80 JavaThread "Unconstrained build operations Thread 155"        [_thread_blocked, id=19976, stack(0x000000880b600000,0x000000880b700000) (1024K)]
  0x000001bd8e223230 JavaThread "Unconstrained build operations Thread 156"        [_thread_blocked, id=29968, stack(0x000000880b700000,0x000000880b800000) (1024K)]
  0x000001bd8e2217f0 JavaThread "Unconstrained build operations Thread 157"        [_thread_blocked, id=6580, stack(0x000000880b800000,0x000000880b900000) (1024K)]
  0x000001bd8e222510 JavaThread "Unconstrained build operations Thread 158"        [_thread_blocked, id=22152, stack(0x000000880b900000,0x000000880ba00000) (1024K)]
  0x000001bd8e220ad0 JavaThread "Unconstrained build operations Thread 159"        [_thread_blocked, id=33624, stack(0x000000880ba00000,0x000000880bb00000) (1024K)]
  0x000001bd8e221160 JavaThread "Unconstrained build operations Thread 160"        [_thread_blocked, id=32436, stack(0x000000880bb00000,0x000000880bc00000) (1024K)]
  0x000001bd8e235980 JavaThread "WorkerExecutor Queue"              [_thread_blocked, id=34864, stack(0x000000880c000000,0x000000880c100000) (1024K)]
  0x000001bd87e6af80 JavaThread "WorkerExecutor Queue Thread 2"        [_thread_blocked, id=19724, stack(0x000000880c100000,0x000000880c200000) (1024K)]
  0x000001bd87e6c330 JavaThread "WorkerExecutor Queue Thread 3"        [_thread_blocked, id=1072, stack(0x000000880c200000,0x000000880c300000) (1024K)]
  0x000001bd87e6bca0 JavaThread "WorkerExecutor Queue Thread 4"        [_thread_blocked, id=37168, stack(0x000000880c300000,0x000000880c400000) (1024K)]
  0x000001bd87e6c9c0 JavaThread "WorkerExecutor Queue Thread 6"        [_thread_blocked, id=41632, stack(0x000000880c500000,0x000000880c600000) (1024K)]
  0x000001bd87e6d050 JavaThread "WorkerExecutor Queue Thread 7"        [_thread_blocked, id=15276, stack(0x000000880c600000,0x000000880c700000) (1024K)]
  0x000001bd87e6dd70 JavaThread "WorkerExecutor Queue Thread 8"        [_thread_blocked, id=33832, stack(0x000000880c700000,0x000000880c800000) (1024K)]
  0x000001bd87e6d6e0 JavaThread "WorkerExecutor Queue Thread 9"        [_thread_blocked, id=22904, stack(0x000000880c800000,0x000000880c900000) (1024K)]
  0x000001bd87e6a8f0 JavaThread "WorkerExecutor Queue Thread 10"        [_thread_blocked, id=41684, stack(0x000000880c900000,0x000000880ca00000) (1024K)]
  0x000001bd87e704d0 JavaThread "WorkerExecutor Queue Thread 11"        [_thread_blocked, id=17216, stack(0x000000880cc00000,0x000000880cd00000) (1024K)]
  0x000001bd87e70b60 JavaThread "WorkerExecutor Queue Thread 12"        [_thread_blocked, id=39376, stack(0x000000880cd00000,0x000000880ce00000) (1024K)]
  0x000001bd87e71880 JavaThread "WorkerExecutor Queue Thread 14"        [_thread_blocked, id=34348, stack(0x000000880cf00000,0x000000880d000000) (1024K)]
  0x000001bd87e71f10 JavaThread "WorkerExecutor Queue Thread 15"        [_thread_blocked, id=29616, stack(0x000000880d000000,0x000000880d100000) (1024K)]
  0x000001bd87e725a0 JavaThread "WorkerExecutor Queue Thread 16"        [_thread_blocked, id=42920, stack(0x000000880d100000,0x000000880d200000) (1024K)]
  0x000001bd87e76dd0 JavaThread "WorkerExecutor Queue Thread 17"        [_thread_blocked, id=21172, stack(0x000000880d200000,0x000000880d300000) (1024K)]
  0x000001bd8aa81c60 JavaThread "C1 CompilerThread1"         daemon [_thread_blocked, id=17484, stack(0x000000880af00000,0x000000880b000000) (1024K)]
  0x000001bd8aa830d0 JavaThread "C1 CompilerThread2"         daemon [_thread_blocked, id=16028, stack(0x000000880b000000,0x000000880b100000) (1024K)]
  0x000001bd8bee8730 JavaThread "C2 CompilerThread1"         daemon [_thread_blocked, id=26304, stack(0x000000880b100000,0x000000880b200000) (1024K)]
  0x000001bd8e22aee0 JavaThread "WorkerExecutor Queue Thread 18"        [_thread_blocked, id=23588, stack(0x000000880b200000,0x000000880b300000) (1024K)]
  0x000001bd8aa837a0 JavaThread "C2 CompilerThread2"         daemon [_thread_blocked, id=21304, stack(0x000000880b300000,0x000000880b400000) (1024K)]
  0x000001bd8aa82330 JavaThread "C1 CompilerThread3"         daemon [_thread_blocked, id=26496, stack(0x000000880bc00000,0x000000880bd00000) (1024K)]
  0x000001bd8beea940 JavaThread "C2 CompilerThread3"         daemon [_thread_in_native, id=41732, stack(0x000000880bd00000,0x000000880be00000) (1024K)]
  0x000001bd8ae29bb0 JavaThread "C2 CompilerThread4"         daemon [_thread_blocked, id=36364, stack(0x000000880be00000,0x000000880bf00000) (1024K)]
Total: 235

Other Threads:
=>0x000001bdc866cea0 VMThread "VM Thread"                           [id=29648, stack(0x000000887ca00000,0x000000887cb00000) (1024K)]
  0x000001bdc8655530 WatcherThread "VM Periodic Task Thread"        [id=40364, stack(0x000000887c900000,0x000000887ca00000) (1024K)]
  0x000001bda95d5ce0 WorkerThread "GC Thread#0"                     [id=42604, stack(0x000000887c400000,0x000000887c500000) (1024K)]
  0x000001bdc9abe900 WorkerThread "GC Thread#1"                     [id=36528, stack(0x000000887d900000,0x000000887da00000) (1024K)]
  0x000001bdc99e3a20 WorkerThread "GC Thread#2"                     [id=37132, stack(0x000000887da00000,0x000000887db00000) (1024K)]
  0x000001bdc9726cd0 WorkerThread "GC Thread#3"                     [id=33824, stack(0x000000887db00000,0x000000887dc00000) (1024K)]
  0x000001bdc9727070 WorkerThread "GC Thread#4"                     [id=8060, stack(0x000000887dc00000,0x000000887dd00000) (1024K)]
  0x000001bdc9685dc0 WorkerThread "GC Thread#5"                     [id=15976, stack(0x000000887dd00000,0x000000887de00000) (1024K)]
  0x000001bd843b8370 WorkerThread "GC Thread#6"                     [id=25868, stack(0x000000887df00000,0x000000887e000000) (1024K)]
  0x000001bd84cc2370 WorkerThread "GC Thread#7"                     [id=16276, stack(0x000000887e000000,0x000000887e100000) (1024K)]
  0x000001bd84dbb710 WorkerThread "GC Thread#8"                     [id=38064, stack(0x000000887e100000,0x000000887e200000) (1024K)]
  0x000001bd85179c30 WorkerThread "GC Thread#9"                     [id=18496, stack(0x000000887f000000,0x000000887f100000) (1024K)]
  0x000001bd85179fd0 WorkerThread "GC Thread#10"                    [id=33384, stack(0x000000887f100000,0x000000887f200000) (1024K)]
  0x000001bd8517a370 WorkerThread "GC Thread#11"                    [id=16680, stack(0x000000887f200000,0x000000887f300000) (1024K)]
  0x000001bd8517a710 WorkerThread "GC Thread#12"                    [id=14008, stack(0x000000887f300000,0x000000887f400000) (1024K)]
  0x000001bda95e7a80 ConcurrentGCThread "G1 Main Marker"            [id=25384, stack(0x000000887c500000,0x000000887c600000) (1024K)]
  0x000001bda95e97f0 WorkerThread "G1 Conc#0"                       [id=42496, stack(0x000000887c600000,0x000000887c700000) (1024K)]
  0x000001bd8517aab0 WorkerThread "G1 Conc#1"                       [id=13588, stack(0x000000887f400000,0x000000887f500000) (1024K)]
  0x000001bd89324c30 WorkerThread "G1 Conc#2"                       [id=32780, stack(0x000000887f500000,0x000000887f600000) (1024K)]
  0x000001bdc85294a0 ConcurrentGCThread "G1 Refine#0"               [id=42560, stack(0x000000887c700000,0x000000887c800000) (1024K)]
  0x000001bdc852b9e0 ConcurrentGCThread "G1 Service"                [id=27940, stack(0x000000887c800000,0x000000887c900000) (1024K)]
Total: 21

Threads with active compile tasks:
C2 CompilerThread0   625981 52257 %     4       com.android.tools.r8.internal.fb::a @ 4662 (6452 bytes)
C1 CompilerThread0   625981 55483       3       com.android.tools.r8.ir.optimize.v0::b (257 bytes)
C1 CompilerThread1   625981 55568       2       com.android.tools.r8.internal.bt::<init> (50 bytes)
C1 CompilerThread2   625981 55567       3       com.android.tools.r8.internal.br::equals (19 bytes)
C2 CompilerThread1   625981 51115       4       com.android.tools.r8.internal.fb::e (26 bytes)
C2 CompilerThread2   625981 54657 %     4       com.android.tools.r8.internal.Q7::a @ 134 (1795 bytes)
C1 CompilerThread3   625981 55565   !   2       java.util.AbstractMap::equals (145 bytes)
C2 CompilerThread3   625981 54386       4       com.android.tools.r8.graph.j4::a (166 bytes)
C2 CompilerThread4   625981 52185   !   4       com.android.tools.r8.graph.Z3::a (1045 bytes)
Total: 9

VM state: at safepoint (normal execution)

VM Mutex/Monitor currently owned by a thread:  ([mutex/lock_event])
[0x00007fff73ee0e50] Threads_lock - owner thread: 0x000001bdc866cea0
[0x00007fff73ee0f50] Heap_lock - owner thread: 0x000001bda95e7a80

Heap address: 0x0000000700000000, size: 4096 MB, Compressed Oops mode: Zero based, Oop shift amount: 3

CDS archive(s) mapped at: [0x000001bdca000000-0x000001bdcac90000-0x000001bdcac90000), size 13172736, SharedBaseAddress: 0x000001bdca000000, ArchiveRelocationMode: 1.
Compressed class space mapped at: 0x000001bdcb000000-0x000001bdff000000, reserved size: 872415232
Narrow klass base: 0x000001bdca000000, Narrow klass shift: 0, Narrow klass range: 0x100000000

GC Precious Log:
 CardTable entry size: 512
 Card Set container configuration: InlinePtr #cards 4 size 8 Array Of Cards #cards 16 size 48 Howl #buckets 8 coarsen threshold 3686 Howl Bitmap #cards 512 size 80 coarsen threshold 460 Card regions per heap region 1 cards per card region 4096
 CPUs: 16 total, 16 available
 Memory: 16071M
 Large Page Support: Disabled
 NUMA Support: Disabled
 Compressed Oops: Enabled (Zero based)
 Heap Region Size: 2M
 Heap Min Capacity: 8M
 Heap Initial Capacity: 252M
 Heap Max Capacity: 4G
 Pre-touch: Disabled
 Parallel Workers: 13
 Concurrent Workers: 3
 Concurrent Refinement Workers: 13
 Periodic GC: Disabled

Heap:
 garbage-first heap   total 950272K, used 707239K [0x0000000700000000, 0x0000000800000000)
  region size 2048K, 96 young (196608K), 16 survivors (32768K)
 Metaspace       used 205647K, committed 208512K, reserved 1048576K
  class space    used 26274K, committed 27712K, reserved 851968K

Heap Regions: E=young(eden), S=young(survivor), O=old, HS=humongous(starts), HC=humongous(continues), CS=collection set, F=free, TAMS=top-at-mark-start, PB=parsable bottom
|   0|0x0000000700000000, 0x0000000700200000, 0x0000000700200000|100%| O|  |TAMS 0x0000000700200000| PB 0x0000000700200000| Untracked 
|   1|0x0000000700200000, 0x0000000700400000, 0x0000000700400000|100%|HS|  |TAMS 0x0000000700400000| PB 0x0000000700200000| Complete 
|   2|0x0000000700400000, 0x0000000700600000, 0x0000000700600000|100%|HC|  |TAMS 0x0000000700600000| PB 0x0000000700400000| Complete 
|   3|0x0000000700600000, 0x0000000700800000, 0x0000000700800000|100%| O|  |TAMS 0x0000000700800000| PB 0x0000000700800000| Untracked 
|   4|0x0000000700800000, 0x0000000700a00000, 0x0000000700a00000|100%| O|  |TAMS 0x0000000700a00000| PB 0x0000000700a00000| Untracked 
|   5|0x0000000700a00000, 0x0000000700c00000, 0x0000000700c00000|100%| O|  |TAMS 0x0000000700c00000| PB 0x0000000700c00000| Untracked 
|   6|0x0000000700c00000, 0x0000000700e00000, 0x0000000700e00000|100%| O|  |TAMS 0x0000000700e00000| PB 0x0000000700e00000| Untracked 
|   7|0x0000000700e00000, 0x0000000701000000, 0x0000000701000000|100%| O|  |TAMS 0x0000000701000000| PB 0x0000000701000000| Untracked 
|   8|0x0000000701000000, 0x0000000701200000, 0x0000000701200000|100%| O|  |TAMS 0x0000000701200000| PB 0x0000000701200000| Updating 
|   9|0x0000000701200000, 0x0000000701400000, 0x0000000701400000|100%| O|  |TAMS 0x0000000701400000| PB 0x0000000701400000| Untracked 
|  10|0x0000000701400000, 0x0000000701600000, 0x0000000701600000|100%| O|  |TAMS 0x0000000701600000| PB 0x0000000701600000| Untracked 
|  11|0x0000000701600000, 0x0000000701800000, 0x0000000701800000|100%| O|  |TAMS 0x0000000701800000| PB 0x0000000701800000| Untracked 
|  12|0x0000000701800000, 0x0000000701a00000, 0x0000000701a00000|100%| O|  |TAMS 0x0000000701a00000| PB 0x0000000701a00000| Untracked 
|  13|0x0000000701a00000, 0x0000000701c00000, 0x0000000701c00000|100%| O|  |TAMS 0x0000000701c00000| PB 0x0000000701c00000| Untracked 
|  14|0x0000000701c00000, 0x0000000701e00000, 0x0000000701e00000|100%| O|  |TAMS 0x0000000701e00000| PB 0x0000000701e00000| Untracked 
|  15|0x0000000701e00000, 0x0000000702000000, 0x0000000702000000|100%| O|  |TAMS 0x0000000702000000| PB 0x0000000702000000| Untracked 
|  16|0x0000000702000000, 0x0000000702200000, 0x0000000702200000|100%| O|  |TAMS 0x0000000702200000| PB 0x0000000702200000| Untracked 
|  17|0x0000000702200000, 0x0000000702400000, 0x0000000702400000|100%| O|  |TAMS 0x0000000702400000| PB 0x0000000702400000| Untracked 
|  18|0x0000000702400000, 0x0000000702600000, 0x0000000702600000|100%| O|  |TAMS 0x0000000702600000| PB 0x0000000702600000| Untracked 
|  19|0x0000000702600000, 0x0000000702800000, 0x0000000702800000|100%| O|  |TAMS 0x0000000702800000| PB 0x0000000702800000| Untracked 
|  20|0x0000000702800000, 0x0000000702a00000, 0x0000000702a00000|100%| O|  |TAMS 0x0000000702a00000| PB 0x0000000702a00000| Updating 
|  21|0x0000000702a00000, 0x0000000702c00000, 0x0000000702c00000|100%| O|  |TAMS 0x0000000702c00000| PB 0x0000000702c00000| Untracked 
|  22|0x0000000702c00000, 0x0000000702e00000, 0x0000000702e00000|100%| O|  |TAMS 0x0000000702e00000| PB 0x0000000702e00000| Untracked 
|  23|0x0000000702e00000, 0x0000000703000000, 0x0000000703000000|100%| O|  |TAMS 0x0000000703000000| PB 0x0000000703000000| Untracked 
|  24|0x0000000703000000, 0x0000000703200000, 0x0000000703200000|100%| O|  |TAMS 0x0000000703200000| PB 0x0000000703200000| Untracked 
|  25|0x0000000703200000, 0x0000000703400000, 0x0000000703400000|100%| O|  |TAMS 0x0000000703400000| PB 0x0000000703400000| Untracked 
|  26|0x0000000703400000, 0x0000000703600000, 0x0000000703600000|100%| O|  |TAMS 0x0000000703600000| PB 0x0000000703600000| Untracked 
|  27|0x0000000703600000, 0x0000000703800000, 0x0000000703800000|100%| O|  |TAMS 0x0000000703800000| PB 0x0000000703800000| Untracked 
|  28|0x0000000703800000, 0x0000000703a00000, 0x0000000703a00000|100%| O|  |TAMS 0x0000000703a00000| PB 0x0000000703a00000| Untracked 
|  29|0x0000000703a00000, 0x0000000703c00000, 0x0000000703c00000|100%| O|  |TAMS 0x0000000703c00000| PB 0x0000000703c00000| Untracked 
|  30|0x0000000703c00000, 0x0000000703e00000, 0x0000000703e00000|100%| O|  |TAMS 0x0000000703e00000| PB 0x0000000703e00000| Untracked 
|  31|0x0000000703e00000, 0x0000000704000000, 0x0000000704000000|100%| O|  |TAMS 0x0000000704000000| PB 0x0000000704000000| Untracked 
|  32|0x0000000704000000, 0x0000000704200000, 0x0000000704200000|100%| O|  |TAMS 0x0000000704200000| PB 0x0000000704200000| Untracked 
|  33|0x0000000704200000, 0x0000000704400000, 0x0000000704400000|100%| O|  |TAMS 0x0000000704400000| PB 0x0000000704400000| Untracked 
|  34|0x0000000704400000, 0x0000000704600000, 0x0000000704600000|100%| O|  |TAMS 0x0000000704600000| PB 0x0000000704600000| Updating 
|  35|0x0000000704600000, 0x0000000704800000, 0x0000000704800000|100%| O|  |TAMS 0x0000000704800000| PB 0x0000000704800000| Untracked 
|  36|0x0000000704800000, 0x0000000704a00000, 0x0000000704a00000|100%| O|  |TAMS 0x0000000704a00000| PB 0x0000000704a00000| Updating 
|  37|0x0000000704a00000, 0x0000000704c00000, 0x0000000704c00000|100%| O|  |TAMS 0x0000000704c00000| PB 0x0000000704c00000| Untracked 
|  38|0x0000000704c00000, 0x0000000704e00000, 0x0000000704e00000|100%| O|  |TAMS 0x0000000704e00000| PB 0x0000000704e00000| Untracked 
|  39|0x0000000704e00000, 0x0000000705000000, 0x0000000705000000|100%| O|  |TAMS 0x0000000705000000| PB 0x0000000705000000| Untracked 
|  40|0x0000000705000000, 0x0000000705200000, 0x0000000705200000|100%| O|  |TAMS 0x0000000705200000| PB 0x0000000705200000| Untracked 
|  41|0x0000000705200000, 0x0000000705400000, 0x0000000705400000|100%| O|  |TAMS 0x0000000705400000| PB 0x0000000705400000| Untracked 
|  42|0x0000000705400000, 0x0000000705600000, 0x0000000705600000|100%| O|  |TAMS 0x0000000705600000| PB 0x0000000705600000| Updating 
|  43|0x0000000705600000, 0x0000000705800000, 0x0000000705800000|100%| O|  |TAMS 0x0000000705800000| PB 0x0000000705800000| Updating 
|  44|0x0000000705800000, 0x0000000705a00000, 0x0000000705a00000|100%| O|  |TAMS 0x0000000705a00000| PB 0x0000000705a00000| Untracked 
|  45|0x0000000705a00000, 0x0000000705c00000, 0x0000000705c00000|100%| O|  |TAMS 0x0000000705c00000| PB 0x0000000705c00000| Untracked 
|  46|0x0000000705c00000, 0x0000000705e00000, 0x0000000705e00000|100%| O|  |TAMS 0x0000000705e00000| PB 0x0000000705e00000| Untracked 
|  47|0x0000000705e00000, 0x0000000706000000, 0x0000000706000000|100%| O|  |TAMS 0x0000000706000000| PB 0x0000000706000000| Untracked 
|  48|0x0000000706000000, 0x0000000706200000, 0x0000000706200000|100%| O|  |TAMS 0x0000000706200000| PB 0x0000000706200000| Updating 
|  49|0x0000000706200000, 0x0000000706400000, 0x0000000706400000|100%| O|  |TAMS 0x0000000706400000| PB 0x0000000706400000| Untracked 
|  50|0x0000000706400000, 0x0000000706600000, 0x0000000706600000|100%| O|  |TAMS 0x0000000706600000| PB 0x0000000706600000| Untracked 
|  51|0x0000000706600000, 0x0000000706800000, 0x0000000706800000|100%| O|  |TAMS 0x0000000706800000| PB 0x0000000706800000| Updating 
|  52|0x0000000706800000, 0x0000000706a00000, 0x0000000706a00000|100%| O|  |TAMS 0x0000000706a00000| PB 0x0000000706a00000| Untracked 
|  53|0x0000000706a00000, 0x0000000706c00000, 0x0000000706c00000|100%| O|  |TAMS 0x0000000706c00000| PB 0x0000000706c00000| Updating 
|  54|0x0000000706c00000, 0x0000000706e00000, 0x0000000706e00000|100%| O|  |TAMS 0x0000000706e00000| PB 0x0000000706e00000| Updating 
|  55|0x0000000706e00000, 0x0000000707000000, 0x0000000707000000|100%| O|  |TAMS 0x0000000707000000| PB 0x0000000707000000| Updating 
|  56|0x0000000707000000, 0x0000000707200000, 0x0000000707200000|100%| O|  |TAMS 0x0000000707200000| PB 0x0000000707200000| Untracked 
|  57|0x0000000707200000, 0x0000000707400000, 0x0000000707400000|100%| O|  |TAMS 0x0000000707400000| PB 0x0000000707400000| Updating 
|  58|0x0000000707400000, 0x0000000707600000, 0x0000000707600000|100%|HS|  |TAMS 0x0000000707600000| PB 0x0000000707400000| Complete 
|  59|0x0000000707600000, 0x0000000707800000, 0x0000000707800000|100%|HS|  |TAMS 0x0000000707800000| PB 0x0000000707600000| Complete 
|  60|0x0000000707800000, 0x0000000707a00000, 0x0000000707a00000|100%| O|  |TAMS 0x0000000707a00000| PB 0x0000000707a00000| Untracked 
|  61|0x0000000707a00000, 0x0000000707c00000, 0x0000000707c00000|100%| O|  |TAMS 0x0000000707c00000| PB 0x0000000707c00000| Updating 
|  62|0x0000000707c00000, 0x0000000707e00000, 0x0000000707e00000|100%| O|  |TAMS 0x0000000707e00000| PB 0x0000000707e00000| Untracked 
|  63|0x0000000707e00000, 0x0000000708000000, 0x0000000708000000|100%| O|  |TAMS 0x0000000708000000| PB 0x0000000708000000| Untracked 
|  64|0x0000000708000000, 0x00000007081a92b8, 0x0000000708200000| 83%| O|  |TAMS 0x00000007081a92b8| PB 0x00000007081a92b8| Updating 
|  65|0x0000000708200000, 0x0000000708400000, 0x0000000708400000|100%| O|  |TAMS 0x0000000708400000| PB 0x0000000708400000| Untracked 
|  66|0x0000000708400000, 0x0000000708600000, 0x0000000708600000|100%| O|  |TAMS 0x0000000708600000| PB 0x0000000708600000| Updating 
|  67|0x0000000708600000, 0x0000000708800000, 0x0000000708800000|100%| O|  |TAMS 0x0000000708800000| PB 0x0000000708800000| Updating 
|  68|0x0000000708800000, 0x0000000708a00000, 0x0000000708a00000|100%|HS|  |TAMS 0x0000000708a00000| PB 0x0000000708800000| Complete 
|  69|0x0000000708a00000, 0x0000000708c00000, 0x0000000708c00000|100%| O|  |TAMS 0x0000000708c00000| PB 0x0000000708c00000| Updating 
|  70|0x0000000708c00000, 0x0000000708e00000, 0x0000000708e00000|100%| O|  |TAMS 0x0000000708e00000| PB 0x0000000708e00000| Untracked 
|  71|0x0000000708e00000, 0x0000000709000000, 0x0000000709000000|100%| O|  |TAMS 0x0000000709000000| PB 0x0000000709000000| Untracked 
|  72|0x0000000709000000, 0x0000000709200000, 0x0000000709200000|100%| O|  |TAMS 0x0000000709200000| PB 0x0000000709200000| Updating 
|  73|0x0000000709200000, 0x0000000709400000, 0x0000000709400000|100%| O|  |TAMS 0x0000000709400000| PB 0x0000000709400000| Untracked 
|  74|0x0000000709400000, 0x0000000709600000, 0x0000000709600000|100%| O|  |TAMS 0x0000000709600000| PB 0x0000000709600000| Updating 
|  75|0x0000000709600000, 0x0000000709800000, 0x0000000709800000|100%| O|  |TAMS 0x0000000709800000| PB 0x0000000709800000| Untracked 
|  76|0x0000000709800000, 0x0000000709a00000, 0x0000000709a00000|100%|HS|  |TAMS 0x0000000709a00000| PB 0x0000000709800000| Complete 
|  77|0x0000000709a00000, 0x0000000709c00000, 0x0000000709c00000|100%|HC|  |TAMS 0x0000000709c00000| PB 0x0000000709a00000| Complete 
|  78|0x0000000709c00000, 0x0000000709e00000, 0x0000000709e00000|100%|HS|  |TAMS 0x0000000709e00000| PB 0x0000000709c00000| Complete 
|  79|0x0000000709e00000, 0x000000070a000000, 0x000000070a000000|100%|HC|  |TAMS 0x000000070a000000| PB 0x0000000709e00000| Complete 
|  80|0x000000070a000000, 0x000000070a200000, 0x000000070a200000|100%| O|  |TAMS 0x000000070a200000| PB 0x000000070a200000| Untracked 
|  81|0x000000070a200000, 0x000000070a400000, 0x000000070a400000|100%| O|  |TAMS 0x000000070a400000| PB 0x000000070a400000| Untracked 
|  82|0x000000070a400000, 0x000000070a600000, 0x000000070a600000|100%| O|  |TAMS 0x000000070a600000| PB 0x000000070a600000| Untracked 
|  83|0x000000070a600000, 0x000000070a800000, 0x000000070a800000|100%| O|  |TAMS 0x000000070a800000| PB 0x000000070a800000| Untracked 
|  84|0x000000070a800000, 0x000000070aa00000, 0x000000070aa00000|100%| O|  |TAMS 0x000000070aa00000| PB 0x000000070aa00000| Untracked 
|  85|0x000000070aa00000, 0x000000070ac00000, 0x000000070ac00000|100%| O|  |TAMS 0x000000070ac00000| PB 0x000000070ac00000| Untracked 
|  86|0x000000070ac00000, 0x000000070ae00000, 0x000000070ae00000|100%| O|  |TAMS 0x000000070ae00000| PB 0x000000070ae00000| Untracked 
|  87|0x000000070ae00000, 0x000000070b000000, 0x000000070b000000|100%| O|  |TAMS 0x000000070b000000| PB 0x000000070b000000| Untracked 
|  88|0x000000070b000000, 0x000000070b200000, 0x000000070b200000|100%| O|  |TAMS 0x000000070b200000| PB 0x000000070b200000| Untracked 
|  89|0x000000070b200000, 0x000000070b400000, 0x000000070b400000|100%| O|  |TAMS 0x000000070b400000| PB 0x000000070b400000| Untracked 
|  90|0x000000070b400000, 0x000000070b600000, 0x000000070b600000|100%| O|  |TAMS 0x000000070b600000| PB 0x000000070b600000| Untracked 
|  91|0x000000070b600000, 0x000000070b800000, 0x000000070b800000|100%| O|  |TAMS 0x000000070b800000| PB 0x000000070b800000| Untracked 
|  92|0x000000070b800000, 0x000000070ba00000, 0x000000070ba00000|100%| O|  |TAMS 0x000000070ba00000| PB 0x000000070ba00000| Untracked 
|  93|0x000000070ba00000, 0x000000070bc00000, 0x000000070bc00000|100%| O|  |TAMS 0x000000070bc00000| PB 0x000000070bc00000| Untracked 
|  94|0x000000070bc00000, 0x000000070be00000, 0x000000070be00000|100%| O|  |TAMS 0x000000070be00000| PB 0x000000070be00000| Untracked 
|  95|0x000000070be00000, 0x000000070c000000, 0x000000070c000000|100%| O|  |TAMS 0x000000070c000000| PB 0x000000070c000000| Untracked 
|  96|0x000000070c000000, 0x000000070c200000, 0x000000070c200000|100%| O|  |TAMS 0x000000070c200000| PB 0x000000070c200000| Untracked 
|  97|0x000000070c200000, 0x000000070c400000, 0x000000070c400000|100%| O|  |TAMS 0x000000070c400000| PB 0x000000070c400000| Untracked 
|  98|0x000000070c400000, 0x000000070c600000, 0x000000070c600000|100%| O|  |TAMS 0x000000070c600000| PB 0x000000070c600000| Untracked 
|  99|0x000000070c600000, 0x000000070c800000, 0x000000070c800000|100%| O|  |TAMS 0x000000070c800000| PB 0x000000070c800000| Untracked 
| 100|0x000000070c800000, 0x000000070ca00000, 0x000000070ca00000|100%| O|  |TAMS 0x000000070ca00000| PB 0x000000070ca00000| Untracked 
| 101|0x000000070ca00000, 0x000000070cc00000, 0x000000070cc00000|100%| O|  |TAMS 0x000000070cc00000| PB 0x000000070cc00000| Untracked 
| 102|0x000000070cc00000, 0x000000070ce00000, 0x000000070ce00000|100%| O|  |TAMS 0x000000070ce00000| PB 0x000000070ce00000| Untracked 
| 103|0x000000070ce00000, 0x000000070d000000, 0x000000070d000000|100%| O|  |TAMS 0x000000070d000000| PB 0x000000070d000000| Untracked 
| 104|0x000000070d000000, 0x000000070d200000, 0x000000070d200000|100%| O|  |TAMS 0x000000070d200000| PB 0x000000070d200000| Untracked 
| 105|0x000000070d200000, 0x000000070d400000, 0x000000070d400000|100%| O|  |TAMS 0x000000070d400000| PB 0x000000070d400000| Untracked 
| 106|0x000000070d400000, 0x000000070d600000, 0x000000070d600000|100%| O|  |TAMS 0x000000070d600000| PB 0x000000070d600000| Untracked 
| 107|0x000000070d600000, 0x000000070d800000, 0x000000070d800000|100%| O|  |TAMS 0x000000070d800000| PB 0x000000070d800000| Untracked 
| 108|0x000000070d800000, 0x000000070da00000, 0x000000070da00000|100%| O|  |TAMS 0x000000070da00000| PB 0x000000070da00000| Untracked 
| 109|0x000000070da00000, 0x000000070da00000, 0x000000070dc00000|  0%| F|  |TAMS 0x000000070da00000| PB 0x000000070da00000| Untracked 
| 110|0x000000070dc00000, 0x000000070de00000, 0x000000070de00000|100%| O|  |TAMS 0x000000070de00000| PB 0x000000070de00000| Untracked 
| 111|0x000000070de00000, 0x000000070e000000, 0x000000070e000000|100%| O|  |TAMS 0x000000070e000000| PB 0x000000070e000000| Untracked 
| 112|0x000000070e000000, 0x000000070e200000, 0x000000070e200000|100%| O|  |TAMS 0x000000070e200000| PB 0x000000070e200000| Untracked 
| 113|0x000000070e200000, 0x000000070e400000, 0x000000070e400000|100%| O|  |TAMS 0x000000070e400000| PB 0x000000070e400000| Untracked 
| 114|0x000000070e400000, 0x000000070e600000, 0x000000070e600000|100%| O|  |TAMS 0x000000070e600000| PB 0x000000070e600000| Untracked 
| 115|0x000000070e600000, 0x000000070e800000, 0x000000070e800000|100%| O|  |TAMS 0x000000070e800000| PB 0x000000070e800000| Updating 
| 116|0x000000070e800000, 0x000000070ea00000, 0x000000070ea00000|100%| O|  |TAMS 0x000000070ea00000| PB 0x000000070ea00000| Updating 
| 117|0x000000070ea00000, 0x000000070ea00000, 0x000000070ec00000|  0%| F|  |TAMS 0x000000070ea00000| PB 0x000000070ea00000| Untracked 
| 118|0x000000070ec00000, 0x000000070ee00000, 0x000000070ee00000|100%| O|  |TAMS 0x000000070ee00000| PB 0x000000070ee00000| Untracked 
| 119|0x000000070ee00000, 0x000000070f000000, 0x000000070f000000|100%| O|  |TAMS 0x000000070f000000| PB 0x000000070f000000| Updating 
| 120|0x000000070f000000, 0x000000070f200000, 0x000000070f200000|100%| O|  |TAMS 0x000000070f200000| PB 0x000000070f200000| Untracked 
| 121|0x000000070f200000, 0x000000070f400000, 0x000000070f400000|100%| O|  |TAMS 0x000000070f400000| PB 0x000000070f400000| Untracked 
| 122|0x000000070f400000, 0x000000070f600000, 0x000000070f600000|100%| O|  |TAMS 0x000000070f600000| PB 0x000000070f600000| Untracked 
| 123|0x000000070f600000, 0x000000070f800000, 0x000000070f800000|100%| O|  |TAMS 0x000000070f800000| PB 0x000000070f800000| Updating 
| 124|0x000000070f800000, 0x000000070fa00000, 0x000000070fa00000|100%| O|  |TAMS 0x000000070fa00000| PB 0x000000070fa00000| Untracked 
| 125|0x000000070fa00000, 0x000000070fc00000, 0x000000070fc00000|100%| O|  |TAMS 0x000000070fc00000| PB 0x000000070fc00000| Untracked 
| 126|0x000000070fc00000, 0x000000070fe00000, 0x000000070fe00000|100%| O|  |TAMS 0x000000070fe00000| PB 0x000000070fe00000| Untracked 
| 127|0x000000070fe00000, 0x0000000710000000, 0x0000000710000000|100%| O|  |TAMS 0x0000000710000000| PB 0x0000000710000000| Untracked 
| 128|0x0000000710000000, 0x0000000710200000, 0x0000000710200000|100%| O|  |TAMS 0x0000000710200000| PB 0x0000000710200000| Untracked 
| 129|0x0000000710200000, 0x0000000710400000, 0x0000000710400000|100%| O|  |TAMS 0x0000000710400000| PB 0x0000000710400000| Untracked 
| 130|0x0000000710400000, 0x0000000710600000, 0x0000000710600000|100%| O|  |TAMS 0x0000000710600000| PB 0x0000000710600000| Untracked 
| 131|0x0000000710600000, 0x0000000710800000, 0x0000000710800000|100%| O|  |TAMS 0x0000000710800000| PB 0x0000000710800000| Untracked 
| 132|0x0000000710800000, 0x0000000710a00000, 0x0000000710a00000|100%| O|  |TAMS 0x0000000710a00000| PB 0x0000000710a00000| Untracked 
| 133|0x0000000710a00000, 0x0000000710c00000, 0x0000000710c00000|100%| O|  |TAMS 0x0000000710c00000| PB 0x0000000710c00000| Untracked 
| 134|0x0000000710c00000, 0x0000000710e00000, 0x0000000710e00000|100%| O|  |TAMS 0x0000000710e00000| PB 0x0000000710e00000| Untracked 
| 135|0x0000000710e00000, 0x0000000711000000, 0x0000000711000000|100%| O|  |TAMS 0x0000000711000000| PB 0x0000000711000000| Untracked 
| 136|0x0000000711000000, 0x0000000711200000, 0x0000000711200000|100%| O|  |TAMS 0x0000000711200000| PB 0x0000000711200000| Updating 
| 137|0x0000000711200000, 0x0000000711400000, 0x0000000711400000|100%| O|  |TAMS 0x0000000711400000| PB 0x0000000711400000| Untracked 
| 138|0x0000000711400000, 0x0000000711600000, 0x0000000711600000|100%| O|  |TAMS 0x0000000711600000| PB 0x0000000711600000| Untracked 
| 139|0x0000000711600000, 0x0000000711800000, 0x0000000711800000|100%| O|  |TAMS 0x0000000711800000| PB 0x0000000711800000| Untracked 
| 140|0x0000000711800000, 0x0000000711a00000, 0x0000000711a00000|100%| O|  |TAMS 0x0000000711a00000| PB 0x0000000711a00000| Untracked 
| 141|0x0000000711a00000, 0x0000000711c00000, 0x0000000711c00000|100%| O|  |TAMS 0x0000000711c00000| PB 0x0000000711c00000| Untracked 
| 142|0x0000000711c00000, 0x0000000711e00000, 0x0000000711e00000|100%| O|  |TAMS 0x0000000711e00000| PB 0x0000000711e00000| Untracked 
| 143|0x0000000711e00000, 0x0000000712000000, 0x0000000712000000|100%| O|  |TAMS 0x0000000712000000| PB 0x0000000712000000| Untracked 
| 144|0x0000000712000000, 0x0000000712200000, 0x0000000712200000|100%| O|  |TAMS 0x0000000712200000| PB 0x0000000712200000| Untracked 
| 145|0x0000000712200000, 0x0000000712400000, 0x0000000712400000|100%| O|  |TAMS 0x0000000712400000| PB 0x0000000712400000| Untracked 
| 146|0x0000000712400000, 0x0000000712600000, 0x0000000712600000|100%| O|  |TAMS 0x0000000712600000| PB 0x0000000712600000| Updating 
| 147|0x0000000712600000, 0x0000000712800000, 0x0000000712800000|100%| O|  |TAMS 0x0000000712800000| PB 0x0000000712800000| Untracked 
| 148|0x0000000712800000, 0x0000000712a00000, 0x0000000712a00000|100%| O|  |TAMS 0x0000000712a00000| PB 0x0000000712a00000| Untracked 
| 149|0x0000000712a00000, 0x0000000712c00000, 0x0000000712c00000|100%| O|  |TAMS 0x0000000712c00000| PB 0x0000000712c00000| Untracked 
| 150|0x0000000712c00000, 0x0000000712e00000, 0x0000000712e00000|100%| O|  |TAMS 0x0000000712e00000| PB 0x0000000712e00000| Untracked 
| 151|0x0000000712e00000, 0x0000000713000000, 0x0000000713000000|100%| O|  |TAMS 0x0000000713000000| PB 0x0000000713000000| Untracked 
| 152|0x0000000713000000, 0x0000000713200000, 0x0000000713200000|100%| O|  |TAMS 0x0000000713200000| PB 0x0000000713200000| Untracked 
| 153|0x0000000713200000, 0x0000000713400000, 0x0000000713400000|100%| O|  |TAMS 0x0000000713400000| PB 0x0000000713400000| Untracked 
| 154|0x0000000713400000, 0x0000000713600000, 0x0000000713600000|100%| O|  |TAMS 0x0000000713600000| PB 0x0000000713600000| Untracked 
| 155|0x0000000713600000, 0x0000000713800000, 0x0000000713800000|100%| O|  |TAMS 0x0000000713800000| PB 0x0000000713800000| Untracked 
| 156|0x0000000713800000, 0x0000000713a00000, 0x0000000713a00000|100%| O|  |TAMS 0x0000000713a00000| PB 0x0000000713a00000| Untracked 
| 157|0x0000000713a00000, 0x0000000713c00000, 0x0000000713c00000|100%| O|  |TAMS 0x0000000713c00000| PB 0x0000000713c00000| Updating 
| 158|0x0000000713c00000, 0x0000000713e00000, 0x0000000713e00000|100%| O|  |TAMS 0x0000000713e00000| PB 0x0000000713e00000| Updating 
| 159|0x0000000713e00000, 0x0000000714000000, 0x0000000714000000|100%| O|  |TAMS 0x0000000714000000| PB 0x0000000714000000| Updating 
| 160|0x0000000714000000, 0x0000000714200000, 0x0000000714200000|100%| O|  |TAMS 0x0000000714200000| PB 0x0000000714200000| Untracked 
| 161|0x0000000714200000, 0x0000000714400000, 0x0000000714400000|100%| O|  |TAMS 0x0000000714400000| PB 0x0000000714400000| Untracked 
| 162|0x0000000714400000, 0x0000000714600000, 0x0000000714600000|100%| O|  |TAMS 0x0000000714600000| PB 0x0000000714600000| Untracked 
| 163|0x0000000714600000, 0x0000000714800000, 0x0000000714800000|100%| O|  |TAMS 0x0000000714800000| PB 0x0000000714800000| Untracked 
| 164|0x0000000714800000, 0x0000000714a00000, 0x0000000714a00000|100%| O|  |TAMS 0x0000000714a00000| PB 0x0000000714a00000| Untracked 
| 165|0x0000000714a00000, 0x0000000714c00000, 0x0000000714c00000|100%| O|  |TAMS 0x0000000714c00000| PB 0x0000000714c00000| Untracked 
| 166|0x0000000714c00000, 0x0000000714e00000, 0x0000000714e00000|100%| O|  |TAMS 0x0000000714e00000| PB 0x0000000714e00000| Updating 
| 167|0x0000000714e00000, 0x0000000715000000, 0x0000000715000000|100%| O|  |TAMS 0x0000000715000000| PB 0x0000000715000000| Untracked 
| 168|0x0000000715000000, 0x0000000715200000, 0x0000000715200000|100%| O|  |TAMS 0x0000000715200000| PB 0x0000000715200000| Untracked 
| 169|0x0000000715200000, 0x0000000715400000, 0x0000000715400000|100%| O|  |TAMS 0x0000000715400000| PB 0x0000000715400000| Updating 
| 170|0x0000000715400000, 0x0000000715600000, 0x0000000715600000|100%| O|  |TAMS 0x0000000715600000| PB 0x0000000715600000| Updating 
| 171|0x0000000715600000, 0x0000000715800000, 0x0000000715800000|100%| O|  |TAMS 0x0000000715800000| PB 0x0000000715800000| Updating 
| 172|0x0000000715800000, 0x0000000715a00000, 0x0000000715a00000|100%| O|  |TAMS 0x0000000715a00000| PB 0x0000000715a00000| Updating 
| 173|0x0000000715a00000, 0x0000000715c00000, 0x0000000715c00000|100%| O|  |TAMS 0x0000000715c00000| PB 0x0000000715c00000| Updating 
| 174|0x0000000715c00000, 0x0000000715e00000, 0x0000000715e00000|100%| O|  |TAMS 0x0000000715e00000| PB 0x0000000715e00000| Updating 
| 175|0x0000000715e00000, 0x0000000716000000, 0x0000000716000000|100%| O|  |TAMS 0x0000000716000000| PB 0x0000000716000000| Updating 
| 176|0x0000000716000000, 0x0000000716200000, 0x0000000716200000|100%| O|  |TAMS 0x0000000716200000| PB 0x0000000716200000| Updating 
| 177|0x0000000716200000, 0x0000000716400000, 0x0000000716400000|100%| O|  |TAMS 0x0000000716400000| PB 0x0000000716400000| Updating 
| 178|0x0000000716400000, 0x0000000716600000, 0x0000000716600000|100%| O|  |TAMS 0x0000000716600000| PB 0x0000000716600000| Untracked 
| 179|0x0000000716600000, 0x0000000716800000, 0x0000000716800000|100%| O|  |TAMS 0x0000000716800000| PB 0x0000000716800000| Untracked 
| 180|0x0000000716800000, 0x0000000716a00000, 0x0000000716a00000|100%| O|  |TAMS 0x0000000716a00000| PB 0x0000000716a00000| Untracked 
| 181|0x0000000716a00000, 0x0000000716c00000, 0x0000000716c00000|100%| O|  |TAMS 0x0000000716c00000| PB 0x0000000716c00000| Untracked 
| 182|0x0000000716c00000, 0x0000000716e00000, 0x0000000716e00000|100%| O|  |TAMS 0x0000000716e00000| PB 0x0000000716e00000| Untracked 
| 183|0x0000000716e00000, 0x0000000717000000, 0x0000000717000000|100%| O|  |TAMS 0x0000000717000000| PB 0x0000000717000000| Untracked 
| 184|0x0000000717000000, 0x0000000717200000, 0x0000000717200000|100%| O|  |TAMS 0x0000000717200000| PB 0x0000000717200000| Untracked 
| 185|0x0000000717200000, 0x0000000717400000, 0x0000000717400000|100%| O|  |TAMS 0x0000000717400000| PB 0x0000000717400000| Untracked 
| 186|0x0000000717400000, 0x0000000717600000, 0x0000000717600000|100%| O|  |TAMS 0x0000000717600000| PB 0x0000000717600000| Untracked 
| 187|0x0000000717600000, 0x0000000717800000, 0x0000000717800000|100%| O|  |TAMS 0x0000000717800000| PB 0x0000000717800000| Untracked 
| 188|0x0000000717800000, 0x0000000717a00000, 0x0000000717a00000|100%| O|  |TAMS 0x0000000717a00000| PB 0x0000000717a00000| Untracked 
| 189|0x0000000717a00000, 0x0000000717c00000, 0x0000000717c00000|100%| O|  |TAMS 0x0000000717c00000| PB 0x0000000717c00000| Untracked 
| 190|0x0000000717c00000, 0x0000000717e00000, 0x0000000717e00000|100%| O|  |TAMS 0x0000000717e00000| PB 0x0000000717e00000| Untracked 
| 191|0x0000000717e00000, 0x0000000718000000, 0x0000000718000000|100%| O|  |TAMS 0x0000000718000000| PB 0x0000000718000000| Untracked 
| 192|0x0000000718000000, 0x0000000718200000, 0x0000000718200000|100%| O|  |TAMS 0x0000000718200000| PB 0x0000000718200000| Untracked 
| 193|0x0000000718200000, 0x0000000718400000, 0x0000000718400000|100%| O|  |TAMS 0x0000000718400000| PB 0x0000000718400000| Untracked 
| 194|0x0000000718400000, 0x0000000718600000, 0x0000000718600000|100%| O|  |TAMS 0x0000000718600000| PB 0x0000000718600000| Untracked 
| 195|0x0000000718600000, 0x0000000718800000, 0x0000000718800000|100%| O|  |TAMS 0x0000000718800000| PB 0x0000000718800000| Untracked 
| 196|0x0000000718800000, 0x0000000718a00000, 0x0000000718a00000|100%| O|  |TAMS 0x0000000718a00000| PB 0x0000000718a00000| Untracked 
| 197|0x0000000718a00000, 0x0000000718c00000, 0x0000000718c00000|100%| O|  |TAMS 0x0000000718c00000| PB 0x0000000718c00000| Untracked 
| 198|0x0000000718c00000, 0x0000000718e00000, 0x0000000718e00000|100%| O|  |TAMS 0x0000000718e00000| PB 0x0000000718e00000| Untracked 
| 199|0x0000000718e00000, 0x0000000719000000, 0x0000000719000000|100%| O|  |TAMS 0x0000000719000000| PB 0x0000000719000000| Untracked 
| 200|0x0000000719000000, 0x0000000719200000, 0x0000000719200000|100%| O|  |TAMS 0x0000000719200000| PB 0x0000000719200000| Untracked 
| 201|0x0000000719200000, 0x0000000719400000, 0x0000000719400000|100%| O|  |TAMS 0x0000000719400000| PB 0x0000000719400000| Untracked 
| 202|0x0000000719400000, 0x0000000719600000, 0x0000000719600000|100%| O|  |TAMS 0x0000000719600000| PB 0x0000000719600000| Untracked 
| 203|0x0000000719600000, 0x0000000719800000, 0x0000000719800000|100%| O|  |TAMS 0x0000000719800000| PB 0x0000000719800000| Untracked 
| 204|0x0000000719800000, 0x0000000719a00000, 0x0000000719a00000|100%| O|  |TAMS 0x0000000719a00000| PB 0x0000000719a00000| Untracked 
| 205|0x0000000719a00000, 0x0000000719c00000, 0x0000000719c00000|100%| O|  |TAMS 0x0000000719c00000| PB 0x0000000719c00000| Untracked 
| 206|0x0000000719c00000, 0x0000000719e00000, 0x0000000719e00000|100%| O|  |TAMS 0x0000000719e00000| PB 0x0000000719e00000| Untracked 
| 207|0x0000000719e00000, 0x000000071a000000, 0x000000071a000000|100%| O|  |TAMS 0x000000071a000000| PB 0x000000071a000000| Untracked 
| 208|0x000000071a000000, 0x000000071a200000, 0x000000071a200000|100%| O|  |TAMS 0x000000071a200000| PB 0x000000071a200000| Untracked 
| 209|0x000000071a200000, 0x000000071a400000, 0x000000071a400000|100%| O|  |TAMS 0x000000071a400000| PB 0x000000071a400000| Updating 
| 210|0x000000071a400000, 0x000000071a600000, 0x000000071a600000|100%| O|  |TAMS 0x000000071a600000| PB 0x000000071a600000| Untracked 
| 211|0x000000071a600000, 0x000000071a800000, 0x000000071a800000|100%| O|  |TAMS 0x000000071a800000| PB 0x000000071a800000| Untracked 
| 212|0x000000071a800000, 0x000000071aa00000, 0x000000071aa00000|100%| O|  |TAMS 0x000000071aa00000| PB 0x000000071aa00000| Updating 
| 213|0x000000071aa00000, 0x000000071ac00000, 0x000000071ac00000|100%| O|  |TAMS 0x000000071ac00000| PB 0x000000071ac00000| Updating 
| 214|0x000000071ac00000, 0x000000071ae00000, 0x000000071ae00000|100%| O|  |TAMS 0x000000071ae00000| PB 0x000000071ae00000| Updating 
| 215|0x000000071ae00000, 0x000000071b000000, 0x000000071b000000|100%| O|  |TAMS 0x000000071b000000| PB 0x000000071b000000| Updating 
| 216|0x000000071b000000, 0x000000071b200000, 0x000000071b200000|100%| O|  |TAMS 0x000000071b200000| PB 0x000000071b200000| Updating 
| 217|0x000000071b200000, 0x000000071b200000, 0x000000071b400000|  0%| F|  |TAMS 0x000000071b200000| PB 0x000000071b200000| Untracked 
| 218|0x000000071b400000, 0x000000071b400000, 0x000000071b600000|  0%| F|  |TAMS 0x000000071b400000| PB 0x000000071b400000| Untracked 
| 219|0x000000071b600000, 0x000000071b600000, 0x000000071b800000|  0%| F|  |TAMS 0x000000071b600000| PB 0x000000071b600000| Untracked 
| 220|0x000000071b800000, 0x000000071b800000, 0x000000071ba00000|  0%| F|  |TAMS 0x000000071b800000| PB 0x000000071b800000| Untracked 
| 221|0x000000071ba00000, 0x000000071ba00000, 0x000000071bc00000|  0%| F|  |TAMS 0x000000071ba00000| PB 0x000000071ba00000| Untracked 
| 222|0x000000071bc00000, 0x000000071bc00000, 0x000000071be00000|  0%| F|  |TAMS 0x000000071bc00000| PB 0x000000071bc00000| Untracked 
| 223|0x000000071be00000, 0x000000071c000000, 0x000000071c000000|100%| O|  |TAMS 0x000000071c000000| PB 0x000000071c000000| Updating 
| 224|0x000000071c000000, 0x000000071c000000, 0x000000071c200000|  0%| F|  |TAMS 0x000000071c000000| PB 0x000000071c000000| Untracked 
| 225|0x000000071c200000, 0x000000071c200000, 0x000000071c400000|  0%| F|  |TAMS 0x000000071c200000| PB 0x000000071c200000| Untracked 
| 226|0x000000071c400000, 0x000000071c400000, 0x000000071c600000|  0%| F|  |TAMS 0x000000071c400000| PB 0x000000071c400000| Untracked 
| 227|0x000000071c600000, 0x000000071c600000, 0x000000071c800000|  0%| F|  |TAMS 0x000000071c600000| PB 0x000000071c600000| Untracked 
| 228|0x000000071c800000, 0x000000071c800000, 0x000000071ca00000|  0%| F|  |TAMS 0x000000071c800000| PB 0x000000071c800000| Untracked 
| 229|0x000000071ca00000, 0x000000071ca00000, 0x000000071cc00000|  0%| F|  |TAMS 0x000000071ca00000| PB 0x000000071ca00000| Untracked 
| 230|0x000000071cc00000, 0x000000071cc00000, 0x000000071ce00000|  0%| F|  |TAMS 0x000000071cc00000| PB 0x000000071cc00000| Untracked 
| 231|0x000000071ce00000, 0x000000071ce00000, 0x000000071d000000|  0%| F|  |TAMS 0x000000071ce00000| PB 0x000000071ce00000| Untracked 
| 232|0x000000071d000000, 0x000000071d000000, 0x000000071d200000|  0%| F|  |TAMS 0x000000071d000000| PB 0x000000071d000000| Untracked 
| 233|0x000000071d200000, 0x000000071d200000, 0x000000071d400000|  0%| F|  |TAMS 0x000000071d200000| PB 0x000000071d200000| Untracked 
| 234|0x000000071d400000, 0x000000071d400000, 0x000000071d600000|  0%| F|  |TAMS 0x000000071d400000| PB 0x000000071d400000| Untracked 
| 235|0x000000071d600000, 0x000000071d600000, 0x000000071d800000|  0%| F|  |TAMS 0x000000071d600000| PB 0x000000071d600000| Untracked 
| 236|0x000000071d800000, 0x000000071d800000, 0x000000071da00000|  0%| F|  |TAMS 0x000000071d800000| PB 0x000000071d800000| Untracked 
| 237|0x000000071da00000, 0x000000071da00000, 0x000000071dc00000|  0%| F|  |TAMS 0x000000071da00000| PB 0x000000071da00000| Untracked 
| 238|0x000000071dc00000, 0x000000071dc00000, 0x000000071de00000|  0%| F|  |TAMS 0x000000071dc00000| PB 0x000000071dc00000| Untracked 
| 239|0x000000071de00000, 0x000000071de00000, 0x000000071e000000|  0%| F|  |TAMS 0x000000071de00000| PB 0x000000071de00000| Untracked 
| 240|0x000000071e000000, 0x000000071e000000, 0x000000071e200000|  0%| F|  |TAMS 0x000000071e000000| PB 0x000000071e000000| Untracked 
| 241|0x000000071e200000, 0x000000071e200000, 0x000000071e400000|  0%| F|  |TAMS 0x000000071e200000| PB 0x000000071e200000| Untracked 
| 242|0x000000071e400000, 0x000000071e400000, 0x000000071e600000|  0%| F|  |TAMS 0x000000071e400000| PB 0x000000071e400000| Untracked 
| 243|0x000000071e600000, 0x000000071e600000, 0x000000071e800000|  0%| F|  |TAMS 0x000000071e600000| PB 0x000000071e600000| Untracked 
| 244|0x000000071e800000, 0x000000071e800000, 0x000000071ea00000|  0%| F|  |TAMS 0x000000071e800000| PB 0x000000071e800000| Untracked 
| 245|0x000000071ea00000, 0x000000071ea00000, 0x000000071ec00000|  0%| F|  |TAMS 0x000000071ea00000| PB 0x000000071ea00000| Untracked 
| 246|0x000000071ec00000, 0x000000071ed00b48, 0x000000071ee00000| 50%| S|CS|TAMS 0x000000071ec00000| PB 0x000000071ec00000| Complete 
| 247|0x000000071ee00000, 0x000000071f000000, 0x000000071f000000|100%| S|CS|TAMS 0x000000071ee00000| PB 0x000000071ee00000| Complete 
| 248|0x000000071f000000, 0x000000071f200000, 0x000000071f200000|100%| S|CS|TAMS 0x000000071f000000| PB 0x000000071f000000| Complete 
| 249|0x000000071f200000, 0x000000071f400000, 0x000000071f400000|100%| S|CS|TAMS 0x000000071f200000| PB 0x000000071f200000| Complete 
| 250|0x000000071f400000, 0x000000071f600000, 0x000000071f600000|100%| S|CS|TAMS 0x000000071f400000| PB 0x000000071f400000| Complete 
| 251|0x000000071f600000, 0x000000071f800000, 0x000000071f800000|100%| S|CS|TAMS 0x000000071f600000| PB 0x000000071f600000| Complete 
| 252|0x000000071f800000, 0x000000071fa00000, 0x000000071fa00000|100%| S|CS|TAMS 0x000000071f800000| PB 0x000000071f800000| Complete 
| 253|0x000000071fa00000, 0x000000071fc00000, 0x000000071fc00000|100%| S|CS|TAMS 0x000000071fa00000| PB 0x000000071fa00000| Complete 
| 254|0x000000071fc00000, 0x000000071fe00000, 0x000000071fe00000|100%| S|CS|TAMS 0x000000071fc00000| PB 0x000000071fc00000| Complete 
| 255|0x000000071fe00000, 0x0000000720000000, 0x0000000720000000|100%| S|CS|TAMS 0x000000071fe00000| PB 0x000000071fe00000| Complete 
| 256|0x0000000720000000, 0x0000000720200000, 0x0000000720200000|100%| S|CS|TAMS 0x0000000720000000| PB 0x0000000720000000| Complete 
| 257|0x0000000720200000, 0x0000000720400000, 0x0000000720400000|100%| S|CS|TAMS 0x0000000720200000| PB 0x0000000720200000| Complete 
| 258|0x0000000720400000, 0x0000000720600000, 0x0000000720600000|100%| S|CS|TAMS 0x0000000720400000| PB 0x0000000720400000| Complete 
| 259|0x0000000720600000, 0x0000000720800000, 0x0000000720800000|100%| S|CS|TAMS 0x0000000720600000| PB 0x0000000720600000| Complete 
| 260|0x0000000720800000, 0x0000000720a00000, 0x0000000720a00000|100%| S|CS|TAMS 0x0000000720800000| PB 0x0000000720800000| Complete 
| 261|0x0000000720a00000, 0x0000000720a00000, 0x0000000720c00000|  0%| F|  |TAMS 0x0000000720a00000| PB 0x0000000720a00000| Untracked 
| 262|0x0000000720c00000, 0x0000000720c00000, 0x0000000720e00000|  0%| F|  |TAMS 0x0000000720c00000| PB 0x0000000720c00000| Untracked 
| 263|0x0000000720e00000, 0x0000000720e00000, 0x0000000721000000|  0%| F|  |TAMS 0x0000000720e00000| PB 0x0000000720e00000| Untracked 
| 264|0x0000000721000000, 0x0000000721000000, 0x0000000721200000|  0%| F|  |TAMS 0x0000000721000000| PB 0x0000000721000000| Untracked 
| 265|0x0000000721200000, 0x0000000721200000, 0x0000000721400000|  0%| F|  |TAMS 0x0000000721200000| PB 0x0000000721200000| Untracked 
| 266|0x0000000721400000, 0x0000000721400000, 0x0000000721600000|  0%| F|  |TAMS 0x0000000721400000| PB 0x0000000721400000| Untracked 
| 267|0x0000000721600000, 0x0000000721600000, 0x0000000721800000|  0%| F|  |TAMS 0x0000000721600000| PB 0x0000000721600000| Untracked 
| 268|0x0000000721800000, 0x0000000721800000, 0x0000000721a00000|  0%| F|  |TAMS 0x0000000721800000| PB 0x0000000721800000| Untracked 
| 269|0x0000000721a00000, 0x0000000721a00000, 0x0000000721c00000|  0%| F|  |TAMS 0x0000000721a00000| PB 0x0000000721a00000| Untracked 
| 270|0x0000000721c00000, 0x0000000721c00000, 0x0000000721e00000|  0%| F|  |TAMS 0x0000000721c00000| PB 0x0000000721c00000| Untracked 
| 271|0x0000000721e00000, 0x0000000722000000, 0x0000000722000000|100%| S|CS|TAMS 0x0000000721e00000| PB 0x0000000721e00000| Complete 
| 272|0x0000000722000000, 0x0000000722000000, 0x0000000722200000|  0%| F|  |TAMS 0x0000000722000000| PB 0x0000000722000000| Untracked 
| 273|0x0000000722200000, 0x0000000722200000, 0x0000000722400000|  0%| F|  |TAMS 0x0000000722200000| PB 0x0000000722200000| Untracked 
| 274|0x0000000722400000, 0x0000000722400000, 0x0000000722600000|  0%| F|  |TAMS 0x0000000722400000| PB 0x0000000722400000| Untracked 
| 275|0x0000000722600000, 0x0000000722600000, 0x0000000722800000|  0%| F|  |TAMS 0x0000000722600000| PB 0x0000000722600000| Untracked 
| 276|0x0000000722800000, 0x0000000722800000, 0x0000000722a00000|  0%| F|  |TAMS 0x0000000722800000| PB 0x0000000722800000| Untracked 
| 277|0x0000000722a00000, 0x0000000722a00000, 0x0000000722c00000|  0%| F|  |TAMS 0x0000000722a00000| PB 0x0000000722a00000| Untracked 
| 278|0x0000000722c00000, 0x0000000722c00000, 0x0000000722e00000|  0%| F|  |TAMS 0x0000000722c00000| PB 0x0000000722c00000| Untracked 
| 279|0x0000000722e00000, 0x0000000722e00000, 0x0000000723000000|  0%| F|  |TAMS 0x0000000722e00000| PB 0x0000000722e00000| Untracked 
| 280|0x0000000723000000, 0x0000000723000000, 0x0000000723200000|  0%| F|  |TAMS 0x0000000723000000| PB 0x0000000723000000| Untracked 
| 281|0x0000000723200000, 0x0000000723200000, 0x0000000723400000|  0%| F|  |TAMS 0x0000000723200000| PB 0x0000000723200000| Untracked 
| 282|0x0000000723400000, 0x0000000723400000, 0x0000000723600000|  0%| F|  |TAMS 0x0000000723400000| PB 0x0000000723400000| Untracked 
| 283|0x0000000723600000, 0x0000000723600000, 0x0000000723800000|  0%| F|  |TAMS 0x0000000723600000| PB 0x0000000723600000| Untracked 
| 284|0x0000000723800000, 0x0000000723800000, 0x0000000723a00000|  0%| F|  |TAMS 0x0000000723800000| PB 0x0000000723800000| Untracked 
| 285|0x0000000723a00000, 0x0000000723a00000, 0x0000000723c00000|  0%| F|  |TAMS 0x0000000723a00000| PB 0x0000000723a00000| Untracked 
| 286|0x0000000723c00000, 0x0000000723c00000, 0x0000000723e00000|  0%| F|  |TAMS 0x0000000723c00000| PB 0x0000000723c00000| Untracked 
| 287|0x0000000723e00000, 0x0000000723e00000, 0x0000000724000000|  0%| F|  |TAMS 0x0000000723e00000| PB 0x0000000723e00000| Untracked 
| 288|0x0000000724000000, 0x0000000724000000, 0x0000000724200000|  0%| F|  |TAMS 0x0000000724000000| PB 0x0000000724000000| Untracked 
| 289|0x0000000724200000, 0x0000000724200000, 0x0000000724400000|  0%| F|  |TAMS 0x0000000724200000| PB 0x0000000724200000| Untracked 
| 290|0x0000000724400000, 0x0000000724400000, 0x0000000724600000|  0%| F|  |TAMS 0x0000000724400000| PB 0x0000000724400000| Untracked 
| 291|0x0000000724600000, 0x0000000724600000, 0x0000000724800000|  0%| F|  |TAMS 0x0000000724600000| PB 0x0000000724600000| Untracked 
| 292|0x0000000724800000, 0x0000000724800000, 0x0000000724a00000|  0%| F|  |TAMS 0x0000000724800000| PB 0x0000000724800000| Untracked 
| 293|0x0000000724a00000, 0x0000000724a00000, 0x0000000724c00000|  0%| F|  |TAMS 0x0000000724a00000| PB 0x0000000724a00000| Untracked 
| 294|0x0000000724c00000, 0x0000000724c00000, 0x0000000724e00000|  0%| F|  |TAMS 0x0000000724c00000| PB 0x0000000724c00000| Untracked 
| 295|0x0000000724e00000, 0x0000000724e00000, 0x0000000725000000|  0%| F|  |TAMS 0x0000000724e00000| PB 0x0000000724e00000| Untracked 
| 296|0x0000000725000000, 0x0000000725000000, 0x0000000725200000|  0%| F|  |TAMS 0x0000000725000000| PB 0x0000000725000000| Untracked 
| 297|0x0000000725200000, 0x0000000725200000, 0x0000000725400000|  0%| F|  |TAMS 0x0000000725200000| PB 0x0000000725200000| Untracked 
| 298|0x0000000725400000, 0x0000000725400000, 0x0000000725600000|  0%| F|  |TAMS 0x0000000725400000| PB 0x0000000725400000| Untracked 
| 299|0x0000000725600000, 0x0000000725600000, 0x0000000725800000|  0%| F|  |TAMS 0x0000000725600000| PB 0x0000000725600000| Untracked 
| 300|0x0000000725800000, 0x0000000725800000, 0x0000000725a00000|  0%| F|  |TAMS 0x0000000725800000| PB 0x0000000725800000| Untracked 
| 301|0x0000000725a00000, 0x0000000725a00000, 0x0000000725c00000|  0%| F|  |TAMS 0x0000000725a00000| PB 0x0000000725a00000| Untracked 
| 302|0x0000000725c00000, 0x0000000725c00000, 0x0000000725e00000|  0%| F|  |TAMS 0x0000000725c00000| PB 0x0000000725c00000| Untracked 
| 303|0x0000000725e00000, 0x0000000725e00000, 0x0000000726000000|  0%| F|  |TAMS 0x0000000725e00000| PB 0x0000000725e00000| Untracked 
| 304|0x0000000726000000, 0x0000000726000000, 0x0000000726200000|  0%| F|  |TAMS 0x0000000726000000| PB 0x0000000726000000| Untracked 
| 305|0x0000000726200000, 0x0000000726200000, 0x0000000726400000|  0%| F|  |TAMS 0x0000000726200000| PB 0x0000000726200000| Untracked 
| 306|0x0000000726400000, 0x0000000726400000, 0x0000000726600000|  0%| F|  |TAMS 0x0000000726400000| PB 0x0000000726400000| Untracked 
| 307|0x0000000726600000, 0x0000000726600000, 0x0000000726800000|  0%| F|  |TAMS 0x0000000726600000| PB 0x0000000726600000| Untracked 
| 308|0x0000000726800000, 0x0000000726800000, 0x0000000726a00000|  0%| F|  |TAMS 0x0000000726800000| PB 0x0000000726800000| Untracked 
| 309|0x0000000726a00000, 0x0000000726a00000, 0x0000000726c00000|  0%| F|  |TAMS 0x0000000726a00000| PB 0x0000000726a00000| Untracked 
| 310|0x0000000726c00000, 0x0000000726c00000, 0x0000000726e00000|  0%| F|  |TAMS 0x0000000726c00000| PB 0x0000000726c00000| Untracked 
| 311|0x0000000726e00000, 0x0000000726e00000, 0x0000000727000000|  0%| F|  |TAMS 0x0000000726e00000| PB 0x0000000726e00000| Untracked 
| 312|0x0000000727000000, 0x0000000727000000, 0x0000000727200000|  0%| F|  |TAMS 0x0000000727000000| PB 0x0000000727000000| Untracked 
| 313|0x0000000727200000, 0x0000000727200000, 0x0000000727400000|  0%| F|  |TAMS 0x0000000727200000| PB 0x0000000727200000| Untracked 
| 314|0x0000000727400000, 0x0000000727400000, 0x0000000727600000|  0%| F|  |TAMS 0x0000000727400000| PB 0x0000000727400000| Untracked 
| 315|0x0000000727600000, 0x0000000727600000, 0x0000000727800000|  0%| F|  |TAMS 0x0000000727600000| PB 0x0000000727600000| Untracked 
| 316|0x0000000727800000, 0x0000000727800000, 0x0000000727a00000|  0%| F|  |TAMS 0x0000000727800000| PB 0x0000000727800000| Untracked 
| 317|0x0000000727a00000, 0x0000000727a00000, 0x0000000727c00000|  0%| F|  |TAMS 0x0000000727a00000| PB 0x0000000727a00000| Untracked 
| 318|0x0000000727c00000, 0x0000000727c00000, 0x0000000727e00000|  0%| F|  |TAMS 0x0000000727c00000| PB 0x0000000727c00000| Untracked 
| 319|0x0000000727e00000, 0x0000000727e00000, 0x0000000728000000|  0%| F|  |TAMS 0x0000000727e00000| PB 0x0000000727e00000| Untracked 
| 320|0x0000000728000000, 0x0000000728000000, 0x0000000728200000|  0%| F|  |TAMS 0x0000000728000000| PB 0x0000000728000000| Untracked 
| 321|0x0000000728200000, 0x0000000728200000, 0x0000000728400000|  0%| F|  |TAMS 0x0000000728200000| PB 0x0000000728200000| Untracked 
| 322|0x0000000728400000, 0x0000000728400000, 0x0000000728600000|  0%| F|  |TAMS 0x0000000728400000| PB 0x0000000728400000| Untracked 
| 323|0x0000000728600000, 0x0000000728600000, 0x0000000728800000|  0%| F|  |TAMS 0x0000000728600000| PB 0x0000000728600000| Untracked 
| 324|0x0000000728800000, 0x0000000728800000, 0x0000000728a00000|  0%| F|  |TAMS 0x0000000728800000| PB 0x0000000728800000| Untracked 
| 325|0x0000000728a00000, 0x0000000728a00000, 0x0000000728c00000|  0%| F|  |TAMS 0x0000000728a00000| PB 0x0000000728a00000| Untracked 
| 326|0x0000000728c00000, 0x0000000728c00000, 0x0000000728e00000|  0%| F|  |TAMS 0x0000000728c00000| PB 0x0000000728c00000| Untracked 
| 327|0x0000000728e00000, 0x0000000728e00000, 0x0000000729000000|  0%| F|  |TAMS 0x0000000728e00000| PB 0x0000000728e00000| Untracked 
| 328|0x0000000729000000, 0x0000000729000000, 0x0000000729200000|  0%| F|  |TAMS 0x0000000729000000| PB 0x0000000729000000| Untracked 
| 329|0x0000000729200000, 0x0000000729200000, 0x0000000729400000|  0%| F|  |TAMS 0x0000000729200000| PB 0x0000000729200000| Untracked 
| 330|0x0000000729400000, 0x0000000729400000, 0x0000000729600000|  0%| F|  |TAMS 0x0000000729400000| PB 0x0000000729400000| Untracked 
| 331|0x0000000729600000, 0x0000000729600000, 0x0000000729800000|  0%| F|  |TAMS 0x0000000729600000| PB 0x0000000729600000| Untracked 
| 332|0x0000000729800000, 0x0000000729800000, 0x0000000729a00000|  0%| F|  |TAMS 0x0000000729800000| PB 0x0000000729800000| Untracked 
| 333|0x0000000729a00000, 0x0000000729a00000, 0x0000000729c00000|  0%| F|  |TAMS 0x0000000729a00000| PB 0x0000000729a00000| Untracked 
| 334|0x0000000729c00000, 0x0000000729c00000, 0x0000000729e00000|  0%| F|  |TAMS 0x0000000729c00000| PB 0x0000000729c00000| Untracked 
| 335|0x0000000729e00000, 0x0000000729e00000, 0x000000072a000000|  0%| F|  |TAMS 0x0000000729e00000| PB 0x0000000729e00000| Untracked 
| 336|0x000000072a000000, 0x000000072a000000, 0x000000072a200000|  0%| F|  |TAMS 0x000000072a000000| PB 0x000000072a000000| Untracked 
| 337|0x000000072a200000, 0x000000072a200000, 0x000000072a400000|  0%| F|  |TAMS 0x000000072a200000| PB 0x000000072a200000| Untracked 
| 338|0x000000072a400000, 0x000000072a400000, 0x000000072a600000|  0%| F|  |TAMS 0x000000072a400000| PB 0x000000072a400000| Untracked 
| 339|0x000000072a600000, 0x000000072a600000, 0x000000072a800000|  0%| F|  |TAMS 0x000000072a600000| PB 0x000000072a600000| Untracked 
| 340|0x000000072a800000, 0x000000072a800000, 0x000000072aa00000|  0%| F|  |TAMS 0x000000072a800000| PB 0x000000072a800000| Untracked 
| 341|0x000000072aa00000, 0x000000072aa00000, 0x000000072ac00000|  0%| F|  |TAMS 0x000000072aa00000| PB 0x000000072aa00000| Untracked 
| 342|0x000000072ac00000, 0x000000072ac00000, 0x000000072ae00000|  0%| F|  |TAMS 0x000000072ac00000| PB 0x000000072ac00000| Untracked 
| 343|0x000000072ae00000, 0x000000072ae00000, 0x000000072b000000|  0%| F|  |TAMS 0x000000072ae00000| PB 0x000000072ae00000| Untracked 
| 344|0x000000072b000000, 0x000000072b000000, 0x000000072b200000|  0%| F|  |TAMS 0x000000072b000000| PB 0x000000072b000000| Untracked 
| 345|0x000000072b200000, 0x000000072b200000, 0x000000072b400000|  0%| F|  |TAMS 0x000000072b200000| PB 0x000000072b200000| Untracked 
| 346|0x000000072b400000, 0x000000072b400000, 0x000000072b600000|  0%| F|  |TAMS 0x000000072b400000| PB 0x000000072b400000| Untracked 
| 347|0x000000072b600000, 0x000000072b600000, 0x000000072b800000|  0%| F|  |TAMS 0x000000072b600000| PB 0x000000072b600000| Untracked 
| 348|0x000000072b800000, 0x000000072b886b40, 0x000000072ba00000| 26%| E|  |TAMS 0x000000072b800000| PB 0x000000072b800000| Complete 
| 349|0x000000072ba00000, 0x000000072bc00000, 0x000000072bc00000|100%| E|CS|TAMS 0x000000072ba00000| PB 0x000000072ba00000| Complete 
| 350|0x000000072bc00000, 0x000000072be00000, 0x000000072be00000|100%| E|CS|TAMS 0x000000072bc00000| PB 0x000000072bc00000| Complete 
| 351|0x000000072be00000, 0x000000072c000000, 0x000000072c000000|100%| E|CS|TAMS 0x000000072be00000| PB 0x000000072be00000| Complete 
| 352|0x000000072c000000, 0x000000072c200000, 0x000000072c200000|100%| E|CS|TAMS 0x000000072c000000| PB 0x000000072c000000| Complete 
| 353|0x000000072c200000, 0x000000072c400000, 0x000000072c400000|100%| E|CS|TAMS 0x000000072c200000| PB 0x000000072c200000| Complete 
| 354|0x000000072c400000, 0x000000072c600000, 0x000000072c600000|100%| E|CS|TAMS 0x000000072c400000| PB 0x000000072c400000| Complete 
| 355|0x000000072c600000, 0x000000072c800000, 0x000000072c800000|100%| E|CS|TAMS 0x000000072c600000| PB 0x000000072c600000| Complete 
| 356|0x000000072c800000, 0x000000072ca00000, 0x000000072ca00000|100%| E|CS|TAMS 0x000000072c800000| PB 0x000000072c800000| Complete 
| 357|0x000000072ca00000, 0x000000072cc00000, 0x000000072cc00000|100%| E|CS|TAMS 0x000000072ca00000| PB 0x000000072ca00000| Complete 
| 358|0x000000072cc00000, 0x000000072ce00000, 0x000000072ce00000|100%| E|CS|TAMS 0x000000072cc00000| PB 0x000000072cc00000| Complete 
| 359|0x000000072ce00000, 0x000000072d000000, 0x000000072d000000|100%| E|CS|TAMS 0x000000072ce00000| PB 0x000000072ce00000| Complete 
| 360|0x000000072d000000, 0x000000072d200000, 0x000000072d200000|100%| E|CS|TAMS 0x000000072d000000| PB 0x000000072d000000| Complete 
| 361|0x000000072d200000, 0x000000072d400000, 0x000000072d400000|100%| E|CS|TAMS 0x000000072d200000| PB 0x000000072d200000| Complete 
| 362|0x000000072d400000, 0x000000072d600000, 0x000000072d600000|100%| E|CS|TAMS 0x000000072d400000| PB 0x000000072d400000| Complete 
| 363|0x000000072d600000, 0x000000072d800000, 0x000000072d800000|100%| E|CS|TAMS 0x000000072d600000| PB 0x000000072d600000| Complete 
| 364|0x000000072d800000, 0x000000072da00000, 0x000000072da00000|100%| E|CS|TAMS 0x000000072d800000| PB 0x000000072d800000| Complete 
| 365|0x000000072da00000, 0x000000072dc00000, 0x000000072dc00000|100%| E|CS|TAMS 0x000000072da00000| PB 0x000000072da00000| Complete 
| 366|0x000000072dc00000, 0x000000072de00000, 0x000000072de00000|100%| E|CS|TAMS 0x000000072dc00000| PB 0x000000072dc00000| Complete 
| 367|0x000000072de00000, 0x000000072e000000, 0x000000072e000000|100%| E|CS|TAMS 0x000000072de00000| PB 0x000000072de00000| Complete 
| 368|0x000000072e000000, 0x000000072e200000, 0x000000072e200000|100%| E|CS|TAMS 0x000000072e000000| PB 0x000000072e000000| Complete 
| 369|0x000000072e200000, 0x000000072e400000, 0x000000072e400000|100%| E|CS|TAMS 0x000000072e200000| PB 0x000000072e200000| Complete 
| 370|0x000000072e400000, 0x000000072e600000, 0x000000072e600000|100%| E|CS|TAMS 0x000000072e400000| PB 0x000000072e400000| Complete 
| 371|0x000000072e600000, 0x000000072e800000, 0x000000072e800000|100%| E|CS|TAMS 0x000000072e600000| PB 0x000000072e600000| Complete 
| 372|0x000000072e800000, 0x000000072ea00000, 0x000000072ea00000|100%| E|CS|TAMS 0x000000072e800000| PB 0x000000072e800000| Complete 
| 373|0x000000072ea00000, 0x000000072ec00000, 0x000000072ec00000|100%| E|CS|TAMS 0x000000072ea00000| PB 0x000000072ea00000| Complete 
| 374|0x000000072ec00000, 0x000000072ee00000, 0x000000072ee00000|100%| E|CS|TAMS 0x000000072ec00000| PB 0x000000072ec00000| Complete 
| 375|0x000000072ee00000, 0x000000072f000000, 0x000000072f000000|100%| E|CS|TAMS 0x000000072ee00000| PB 0x000000072ee00000| Complete 
| 376|0x000000072f000000, 0x000000072f200000, 0x000000072f200000|100%| E|CS|TAMS 0x000000072f000000| PB 0x000000072f000000| Complete 
| 377|0x000000072f200000, 0x000000072f400000, 0x000000072f400000|100%| E|CS|TAMS 0x000000072f200000| PB 0x000000072f200000| Complete 
| 378|0x000000072f400000, 0x000000072f600000, 0x000000072f600000|100%| E|CS|TAMS 0x000000072f400000| PB 0x000000072f400000| Complete 
| 379|0x000000072f600000, 0x000000072f800000, 0x000000072f800000|100%| E|CS|TAMS 0x000000072f600000| PB 0x000000072f600000| Complete 
| 380|0x000000072f800000, 0x000000072fa00000, 0x000000072fa00000|100%| E|CS|TAMS 0x000000072f800000| PB 0x000000072f800000| Complete 
| 381|0x000000072fa00000, 0x000000072fc00000, 0x000000072fc00000|100%| E|CS|TAMS 0x000000072fa00000| PB 0x000000072fa00000| Complete 
| 382|0x000000072fc00000, 0x000000072fe00000, 0x000000072fe00000|100%| E|CS|TAMS 0x000000072fc00000| PB 0x000000072fc00000| Complete 
| 383|0x000000072fe00000, 0x0000000730000000, 0x0000000730000000|100%| E|CS|TAMS 0x000000072fe00000| PB 0x000000072fe00000| Complete 
| 384|0x0000000730000000, 0x0000000730200000, 0x0000000730200000|100%| E|CS|TAMS 0x0000000730000000| PB 0x0000000730000000| Complete 
| 385|0x0000000730200000, 0x0000000730400000, 0x0000000730400000|100%| E|CS|TAMS 0x0000000730200000| PB 0x0000000730200000| Complete 
| 386|0x0000000730400000, 0x0000000730600000, 0x0000000730600000|100%| E|CS|TAMS 0x0000000730400000| PB 0x0000000730400000| Complete 
| 387|0x0000000730600000, 0x0000000730800000, 0x0000000730800000|100%| E|CS|TAMS 0x0000000730600000| PB 0x0000000730600000| Complete 
| 388|0x0000000730800000, 0x0000000730a00000, 0x0000000730a00000|100%| E|CS|TAMS 0x0000000730800000| PB 0x0000000730800000| Complete 
| 389|0x0000000730a00000, 0x0000000730c00000, 0x0000000730c00000|100%| E|CS|TAMS 0x0000000730a00000| PB 0x0000000730a00000| Complete 
| 390|0x0000000730c00000, 0x0000000730e00000, 0x0000000730e00000|100%| E|CS|TAMS 0x0000000730c00000| PB 0x0000000730c00000| Complete 
| 391|0x0000000730e00000, 0x0000000731000000, 0x0000000731000000|100%| E|CS|TAMS 0x0000000730e00000| PB 0x0000000730e00000| Complete 
| 392|0x0000000731000000, 0x0000000731200000, 0x0000000731200000|100%| E|CS|TAMS 0x0000000731000000| PB 0x0000000731000000| Complete 
| 393|0x0000000731200000, 0x0000000731400000, 0x0000000731400000|100%| E|CS|TAMS 0x0000000731200000| PB 0x0000000731200000| Complete 
| 394|0x0000000731400000, 0x0000000731600000, 0x0000000731600000|100%| E|CS|TAMS 0x0000000731400000| PB 0x0000000731400000| Complete 
| 395|0x0000000731600000, 0x0000000731800000, 0x0000000731800000|100%| E|CS|TAMS 0x0000000731600000| PB 0x0000000731600000| Complete 
| 396|0x0000000731800000, 0x0000000731a00000, 0x0000000731a00000|100%| E|CS|TAMS 0x0000000731800000| PB 0x0000000731800000| Complete 
| 397|0x0000000731a00000, 0x0000000731c00000, 0x0000000731c00000|100%| E|CS|TAMS 0x0000000731a00000| PB 0x0000000731a00000| Complete 
| 398|0x0000000731c00000, 0x0000000731e00000, 0x0000000731e00000|100%| E|CS|TAMS 0x0000000731c00000| PB 0x0000000731c00000| Complete 
| 399|0x0000000731e00000, 0x0000000732000000, 0x0000000732000000|100%| E|CS|TAMS 0x0000000731e00000| PB 0x0000000731e00000| Complete 
| 400|0x0000000732000000, 0x0000000732200000, 0x0000000732200000|100%| E|CS|TAMS 0x0000000732000000| PB 0x0000000732000000| Complete 
| 401|0x0000000732200000, 0x0000000732400000, 0x0000000732400000|100%| E|CS|TAMS 0x0000000732200000| PB 0x0000000732200000| Complete 
| 402|0x0000000732400000, 0x0000000732600000, 0x0000000732600000|100%| E|CS|TAMS 0x0000000732400000| PB 0x0000000732400000| Complete 
| 403|0x0000000732600000, 0x0000000732800000, 0x0000000732800000|100%| E|CS|TAMS 0x0000000732600000| PB 0x0000000732600000| Complete 
| 404|0x0000000732800000, 0x0000000732a00000, 0x0000000732a00000|100%| E|CS|TAMS 0x0000000732800000| PB 0x0000000732800000| Complete 
| 405|0x0000000732a00000, 0x0000000732c00000, 0x0000000732c00000|100%| E|CS|TAMS 0x0000000732a00000| PB 0x0000000732a00000| Complete 
| 406|0x0000000732c00000, 0x0000000732e00000, 0x0000000732e00000|100%| E|CS|TAMS 0x0000000732c00000| PB 0x0000000732c00000| Complete 
| 407|0x0000000732e00000, 0x0000000733000000, 0x0000000733000000|100%| E|CS|TAMS 0x0000000732e00000| PB 0x0000000732e00000| Complete 
| 408|0x0000000733000000, 0x0000000733200000, 0x0000000733200000|100%| E|CS|TAMS 0x0000000733000000| PB 0x0000000733000000| Complete 
| 409|0x0000000733200000, 0x0000000733400000, 0x0000000733400000|100%| E|CS|TAMS 0x0000000733200000| PB 0x0000000733200000| Complete 
| 410|0x0000000733400000, 0x0000000733600000, 0x0000000733600000|100%| E|CS|TAMS 0x0000000733400000| PB 0x0000000733400000| Complete 
| 411|0x0000000733600000, 0x0000000733800000, 0x0000000733800000|100%| E|CS|TAMS 0x0000000733600000| PB 0x0000000733600000| Complete 
| 412|0x0000000733800000, 0x0000000733a00000, 0x0000000733a00000|100%| E|CS|TAMS 0x0000000733800000| PB 0x0000000733800000| Complete 
| 413|0x0000000733a00000, 0x0000000733c00000, 0x0000000733c00000|100%| E|CS|TAMS 0x0000000733a00000| PB 0x0000000733a00000| Complete 
| 414|0x0000000733c00000, 0x0000000733e00000, 0x0000000733e00000|100%| E|CS|TAMS 0x0000000733c00000| PB 0x0000000733c00000| Complete 
| 415|0x0000000733e00000, 0x0000000734000000, 0x0000000734000000|100%| E|CS|TAMS 0x0000000733e00000| PB 0x0000000733e00000| Complete 
| 416|0x0000000734000000, 0x0000000734200000, 0x0000000734200000|100%| E|CS|TAMS 0x0000000734000000| PB 0x0000000734000000| Complete 
| 417|0x0000000734200000, 0x0000000734400000, 0x0000000734400000|100%| E|CS|TAMS 0x0000000734200000| PB 0x0000000734200000| Complete 
| 418|0x0000000734400000, 0x0000000734600000, 0x0000000734600000|100%| E|CS|TAMS 0x0000000734400000| PB 0x0000000734400000| Complete 
| 419|0x0000000734600000, 0x0000000734800000, 0x0000000734800000|100%| E|CS|TAMS 0x0000000734600000| PB 0x0000000734600000| Complete 
| 420|0x0000000734800000, 0x0000000734a00000, 0x0000000734a00000|100%| E|CS|TAMS 0x0000000734800000| PB 0x0000000734800000| Complete 
| 421|0x0000000734a00000, 0x0000000734c00000, 0x0000000734c00000|100%| E|CS|TAMS 0x0000000734a00000| PB 0x0000000734a00000| Complete 
|2006|0x00000007fac00000, 0x00000007fae00000, 0x00000007fae00000|100%| O|  |TAMS 0x00000007fae00000| PB 0x00000007fae00000| Updating 
|2007|0x00000007fae00000, 0x00000007fb000000, 0x00000007fb000000|100%| O|  |TAMS 0x00000007fb000000| PB 0x00000007fb000000| Updating 
|2008|0x00000007fb000000, 0x00000007fb200000, 0x00000007fb200000|100%| O|  |TAMS 0x00000007fb200000| PB 0x00000007fb200000| Updating 
|2009|0x00000007fb200000, 0x00000007fb400000, 0x00000007fb400000|100%| O|  |TAMS 0x00000007fb400000| PB 0x00000007fb400000| Updating 
|2010|0x00000007fb400000, 0x00000007fb600000, 0x00000007fb600000|100%| O|  |TAMS 0x00000007fb600000| PB 0x00000007fb600000| Untracked 
|2011|0x00000007fb600000, 0x00000007fb800000, 0x00000007fb800000|100%| O|  |TAMS 0x00000007fb800000| PB 0x00000007fb800000| Untracked 
|2012|0x00000007fb800000, 0x00000007fba00000, 0x00000007fba00000|100%| O|  |TAMS 0x00000007fba00000| PB 0x00000007fba00000| Untracked 
|2013|0x00000007fba00000, 0x00000007fbc00000, 0x00000007fbc00000|100%| E|CS|TAMS 0x00000007fba00000| PB 0x00000007fba00000| Complete 
|2014|0x00000007fbc00000, 0x00000007fbe00000, 0x00000007fbe00000|100%| E|CS|TAMS 0x00000007fbc00000| PB 0x00000007fbc00000| Complete 
|2015|0x00000007fbe00000, 0x00000007fc000000, 0x00000007fc000000|100%| O|  |TAMS 0x00000007fc000000| PB 0x00000007fc000000| Updating 
|2016|0x00000007fc000000, 0x00000007fc200000, 0x00000007fc200000|100%| O|  |TAMS 0x00000007fc200000| PB 0x00000007fc200000| Untracked 
|2017|0x00000007fc200000, 0x00000007fc400000, 0x00000007fc400000|100%| O|  |TAMS 0x00000007fc400000| PB 0x00000007fc400000| Untracked 
|2018|0x00000007fc400000, 0x00000007fc600000, 0x00000007fc600000|100%| O|  |TAMS 0x00000007fc600000| PB 0x00000007fc600000| Untracked 
|2019|0x00000007fc600000, 0x00000007fc800000, 0x00000007fc800000|100%| O|  |TAMS 0x00000007fc800000| PB 0x00000007fc800000| Untracked 
|2020|0x00000007fc800000, 0x00000007fca00000, 0x00000007fca00000|100%| O|  |TAMS 0x00000007fca00000| PB 0x00000007fca00000| Untracked 
|2021|0x00000007fca00000, 0x00000007fcc00000, 0x00000007fcc00000|100%| O|  |TAMS 0x00000007fcc00000| PB 0x00000007fcc00000| Untracked 
|2022|0x00000007fcc00000, 0x00000007fce00000, 0x00000007fce00000|100%| O|  |TAMS 0x00000007fce00000| PB 0x00000007fce00000| Untracked 
|2023|0x00000007fce00000, 0x00000007fd000000, 0x00000007fd000000|100%| O|  |TAMS 0x00000007fd000000| PB 0x00000007fd000000| Untracked 
|2024|0x00000007fd000000, 0x00000007fd200000, 0x00000007fd200000|100%| O|  |TAMS 0x00000007fd200000| PB 0x00000007fd200000| Untracked 
|2025|0x00000007fd200000, 0x00000007fd400000, 0x00000007fd400000|100%| O|  |TAMS 0x00000007fd400000| PB 0x00000007fd400000| Untracked 
|2026|0x00000007fd400000, 0x00000007fd600000, 0x00000007fd600000|100%| O|  |TAMS 0x00000007fd600000| PB 0x00000007fd600000| Untracked 
|2027|0x00000007fd600000, 0x00000007fd800000, 0x00000007fd800000|100%| O|  |TAMS 0x00000007fd800000| PB 0x00000007fd800000| Untracked 
|2028|0x00000007fd800000, 0x00000007fda00000, 0x00000007fda00000|100%| O|  |TAMS 0x00000007fda00000| PB 0x00000007fda00000| Untracked 
|2029|0x00000007fda00000, 0x00000007fdc00000, 0x00000007fdc00000|100%| O|  |TAMS 0x00000007fdc00000| PB 0x00000007fdc00000| Untracked 
|2030|0x00000007fdc00000, 0x00000007fde00000, 0x00000007fde00000|100%| O|  |TAMS 0x00000007fde00000| PB 0x00000007fde00000| Untracked 
|2031|0x00000007fde00000, 0x00000007fe000000, 0x00000007fe000000|100%| O|  |TAMS 0x00000007fe000000| PB 0x00000007fe000000| Untracked 
|2032|0x00000007fe000000, 0x00000007fe200000, 0x00000007fe200000|100%| O|  |TAMS 0x00000007fe200000| PB 0x00000007fe200000| Untracked 
|2033|0x00000007fe200000, 0x00000007fe400000, 0x00000007fe400000|100%| O|  |TAMS 0x00000007fe400000| PB 0x00000007fe400000| Untracked 
|2034|0x00000007fe400000, 0x00000007fe600000, 0x00000007fe600000|100%| O|  |TAMS 0x00000007fe600000| PB 0x00000007fe600000| Untracked 
|2035|0x00000007fe600000, 0x00000007fe800000, 0x00000007fe800000|100%| O|  |TAMS 0x00000007fe800000| PB 0x00000007fe800000| Untracked 
|2036|0x00000007fe800000, 0x00000007fea00000, 0x00000007fea00000|100%| O|  |TAMS 0x00000007fea00000| PB 0x00000007fea00000| Untracked 
|2037|0x00000007fea00000, 0x00000007fec00000, 0x00000007fec00000|100%| E|  |TAMS 0x00000007fea00000| PB 0x00000007fea00000| Complete 
|2038|0x00000007fec00000, 0x00000007fee00000, 0x00000007fee00000|100%| E|CS|TAMS 0x00000007fec00000| PB 0x00000007fec00000| Complete 
|2039|0x00000007fee00000, 0x00000007ff000000, 0x00000007ff000000|100%| E|CS|TAMS 0x00000007fee00000| PB 0x00000007fee00000| Complete 
|2040|0x00000007ff000000, 0x00000007ff200000, 0x00000007ff200000|100%| E|CS|TAMS 0x00000007ff000000| PB 0x00000007ff000000| Complete 
|2041|0x00000007ff200000, 0x00000007ff400000, 0x00000007ff400000|100%| O|  |TAMS 0x00000007ff400000| PB 0x00000007ff400000| Untracked 
|2042|0x00000007ff400000, 0x00000007ff600000, 0x00000007ff600000|100%| O|  |TAMS 0x00000007ff600000| PB 0x00000007ff600000| Updating 
|2043|0x00000007ff600000, 0x00000007ff800000, 0x00000007ff800000|100%| O|  |TAMS 0x00000007ff800000| PB 0x00000007ff800000| Untracked 
|2044|0x00000007ff800000, 0x00000007ffa00000, 0x00000007ffa00000|100%| O|  |TAMS 0x00000007ffa00000| PB 0x00000007ffa00000| Untracked 
|2045|0x00000007ffa00000, 0x00000007ffc00000, 0x00000007ffc00000|100%| O|  |TAMS 0x00000007ffc00000| PB 0x00000007ffc00000| Untracked 
|2046|0x00000007ffc00000, 0x00000007ffe00000, 0x00000007ffe00000|100%| O|  |TAMS 0x00000007ffe00000| PB 0x00000007ffe00000| Untracked 
|2047|0x00000007ffe00000, 0x0000000800000000, 0x0000000800000000|100%| O|  |TAMS 0x0000000800000000| PB 0x0000000800000000| Untracked 

Card table byte_map: [0x000001bdc1a80000,0x000001bdc2280000] _byte_map_base: 0x000001bdbe280000

Marking Bits: (CMBitMap*) 0x000001bda95d6190
 Bits: [0x000001bdc2280000, 0x000001bdc6280000)

Polling page: 0x000001bda7480000

Metaspace:

Usage:
  Non-class:    175.17 MB used.
      Class:     25.66 MB used.
       Both:    200.83 MB used.

Virtual space:
  Non-class space:      192.00 MB reserved,     176.56 MB ( 92%) committed,  3 nodes.
      Class space:      832.00 MB reserved,      27.06 MB (  3%) committed,  1 nodes.
             Both:        1.00 GB reserved,     203.62 MB ( 20%) committed. 

Chunk freelists:
   Non-Class:  15.15 MB
       Class:  4.78 MB
        Both:  19.93 MB

MaxMetaspaceSize: 1.00 GB
CompressedClassSpaceSize: 832.00 MB
Initial GC threshold: 21.00 MB
Current GC threshold: 329.81 MB
CDS: on
 - commit_granule_bytes: 65536.
 - commit_granule_words: 8192.
 - virtual_space_node_default_size: 8388608.
 - enlarge_chunks_in_place: 1.
 - use_allocation_guard: 0.


Internal statistics:

num_allocs_failed_limit: 15.
num_arena_births: 5224.
num_arena_deaths: 70.
num_vsnodes_births: 4.
num_vsnodes_deaths: 0.
num_space_committed: 3245.
num_space_uncommitted: 0.
num_chunks_returned_to_freelist: 118.
num_chunks_taken_from_freelist: 13544.
num_chunk_merges: 58.
num_chunk_splits: 9484.
num_chunks_enlarged: 6601.
num_inconsistent_stats: 0.

CodeHeap 'non-profiled nmethods': size=119168Kb used=10770Kb max_used=20420Kb free=108397Kb
 bounds [0x000001bdb95a0000, 0x000001bdba9f0000, 0x000001bdc0a00000]
CodeHeap 'profiled nmethods': size=119104Kb used=21142Kb max_used=48629Kb free=97961Kb
 bounds [0x000001bdb1a00000, 0x000001bdb49a0000, 0x000001bdb8e50000]
CodeHeap 'non-nmethods': size=7488Kb used=4219Kb max_used=4295Kb free=3268Kb
 bounds [0x000001bdb8e50000, 0x000001bdb9290000, 0x000001bdb95a0000]
 total_blobs=11485 nmethods=10343 adapters=1040
 compilation: enabled
              stopped_count=0, restarted_count=0
 full_count=0

Compilation events (20 events):
Event: 625.897 Thread 0x000001bd8aa81c60 nmethod 55311 0x000001bdb3a55710 code [0x000001bdb3a558c0, 0x000001bdb3a55af0]
Event: 625.897 Thread 0x000001bd8aa830d0 nmethod 55291 0x000001bdb3a55290 code [0x000001bdb3a55440, 0x000001bdb3a55648]
Event: 625.898 Thread 0x000001bd8aa81c60 55293       3       com.android.tools.r8.graph.w::b (26 bytes)
Event: 625.898 Thread 0x000001bd8aa830d0 55295       3       com.android.tools.r8.internal.kc::<init> (6 bytes)
Event: 625.898 Thread 0x000001bd8aa81c60 nmethod 55293 0x000001bdb3a54d90 code [0x000001bdb3a54f40, 0x000001bdb3a55198]
Event: 625.898 Thread 0x000001bd8aa830d0 nmethod 55295 0x000001bdb3a54a10 code [0x000001bdb3a54bc0, 0x000001bdb3a54cf8]
Event: 625.898 Thread 0x000001bd8bee8730 nmethod 55550 0x000001bdb9b49d10 code [0x000001bdb9b49ec0, 0x000001bdb9b4a038]
Event: 625.899 Thread 0x000001bd8aa830d0 55489       3       com.android.tools.r8.internal.gN::b (47 bytes)
Event: 625.899 Thread 0x000001bd8aa81c60 55128       3       com.android.tools.r8.graph.F0::<init> (139 bytes)
Event: 625.899 Thread 0x000001bd8aa82330 nmethod 55501 0x000001bdb3a52690 code [0x000001bdb3a529c0, 0x000001bdb3a54298]
Event: 625.900 Thread 0x000001bd8bee8730 51115       4       com.android.tools.r8.internal.fb::e (26 bytes)
Event: 625.900 Thread 0x000001bd8aa81c60 nmethod 55128 0x000001bdb3a51d90 code [0x000001bdb3a51f80, 0x000001bdb3a524b0]
Event: 625.900 Thread 0x000001bd8aa82330 55565   !   2       java.util.AbstractMap::equals (145 bytes)
Event: 625.901 Thread 0x000001bd8aa830d0 nmethod 55489 0x000001bdb3a50b10 code [0x000001bdb3a50d80, 0x000001bdb3a518f8]
Event: 625.901 Thread 0x000001bd8aa81c60 55568       2       com.android.tools.r8.internal.bt::<init> (50 bytes)
Event: 625.901 Thread 0x000001bd8aa830d0 55567       3       com.android.tools.r8.internal.br::equals (19 bytes)
Event: 625.902 Thread 0x000001bd8aa82330 nmethod 55565 0x000001bdb3a4fe90 code [0x000001bdb3a50120, 0x000001bdb3a50780]
Event: 625.902 Thread 0x000001bd8aa81c60 nmethod 55568 0x000001bdb3a4fa10 code [0x000001bdb3a4fbc0, 0x000001bdb3a4fd90]
Event: 625.902 Thread 0x000001bdc869e340 nmethod 55483 0x000001bdb3a4b810 code [0x000001bdb3a4bd20, 0x000001bdb3a4eb90]
Event: 625.902 Thread 0x000001bd8aa830d0 nmethod 55567 0x000001bdb3a4b110 code [0x000001bdb3a4b2e0, 0x000001bdb3a4b740]

GC Heap History (20 events):
Event: 611.006 GC heap before
{Heap before GC invocations=136 (full 0):
 garbage-first heap   total 882688K, used 789936K [0x0000000700000000, 0x0000000800000000)
  region size 2048K, 258 young (528384K), 5 survivors (10240K)
 Metaspace       used 184041K, committed 186752K, reserved 1048576K
  class space    used 22701K, committed 24064K, reserved 851968K
}
Event: 611.012 GC heap after
{Heap after GC invocations=137 (full 0):
 garbage-first heap   total 882688K, used 275173K [0x0000000700000000, 0x0000000800000000)
  region size 2048K, 6 young (12288K), 6 survivors (12288K)
 Metaspace       used 184041K, committed 186752K, reserved 1048576K
  class space    used 22701K, committed 24064K, reserved 851968K
}
Event: 614.945 GC heap before
{Heap before GC invocations=138 (full 0):
 garbage-first heap   total 882688K, used 797413K [0x0000000700000000, 0x0000000800000000)
  region size 2048K, 258 young (528384K), 6 survivors (12288K)
 Metaspace       used 184240K, committed 186944K, reserved 1048576K
  class space    used 22720K, committed 24128K, reserved 851968K
}
Event: 614.952 GC heap after
{Heap after GC invocations=139 (full 0):
 garbage-first heap   total 882688K, used 275709K [0x0000000700000000, 0x0000000800000000)
  region size 2048K, 6 young (12288K), 6 survivors (12288K)
 Metaspace       used 184240K, committed 186944K, reserved 1048576K
  class space    used 22720K, committed 24128K, reserved 851968K
}
Event: 617.231 GC heap before
{Heap before GC invocations=139 (full 0):
 garbage-first heap   total 882688K, used 795901K [0x0000000700000000, 0x0000000800000000)
  region size 2048K, 258 young (528384K), 6 survivors (12288K)
 Metaspace       used 184544K, committed 187264K, reserved 1048576K
  class space    used 22749K, committed 24128K, reserved 851968K
}
Event: 617.238 GC heap after
{Heap after GC invocations=140 (full 0):
 garbage-first heap   total 882688K, used 270432K [0x0000000700000000, 0x0000000800000000)
  region size 2048K, 7 young (14336K), 7 survivors (14336K)
 Metaspace       used 184544K, committed 187264K, reserved 1048576K
  class space    used 22749K, committed 24128K, reserved 851968K
}
Event: 618.309 GC heap before
{Heap before GC invocations=140 (full 0):
 garbage-first heap   total 882688K, used 426080K [0x0000000700000000, 0x0000000800000000)
  region size 2048K, 84 young (172032K), 7 survivors (14336K)
 Metaspace       used 184550K, committed 187264K, reserved 1048576K
  class space    used 22749K, committed 24128K, reserved 851968K
}
Event: 618.314 GC heap after
{Heap after GC invocations=141 (full 0):
 garbage-first heap   total 882688K, used 266258K [0x0000000700000000, 0x0000000800000000)
  region size 2048K, 5 young (10240K), 5 survivors (10240K)
 Metaspace       used 184550K, committed 187264K, reserved 1048576K
  class space    used 22749K, committed 24128K, reserved 851968K
}
Event: 621.885 GC heap before
{Heap before GC invocations=142 (full 0):
 garbage-first heap   total 882688K, used 786450K [0x0000000700000000, 0x0000000800000000)
  region size 2048K, 258 young (528384K), 5 survivors (10240K)
 Metaspace       used 185804K, committed 188608K, reserved 1048576K
  class space    used 22911K, committed 24320K, reserved 851968K
}
Event: 621.894 GC heap after
{Heap after GC invocations=143 (full 0):
 garbage-first heap   total 882688K, used 280690K [0x0000000700000000, 0x0000000800000000)
  region size 2048K, 12 young (24576K), 12 survivors (24576K)
 Metaspace       used 185804K, committed 188608K, reserved 1048576K
  class space    used 22911K, committed 24320K, reserved 851968K
}
Event: 622.873 GC heap before
{Heap before GC invocations=143 (full 0):
 garbage-first heap   total 882688K, used 784498K [0x0000000700000000, 0x0000000800000000)
  region size 2048K, 258 young (528384K), 12 survivors (24576K)
 Metaspace       used 191543K, committed 194304K, reserved 1048576K
  class space    used 23880K, committed 25280K, reserved 851968K
}
Event: 622.909 GC heap after
{Heap after GC invocations=144 (full 0):
 garbage-first heap   total 931840K, used 394674K [0x0000000700000000, 0x0000000800000000)
  region size 2048K, 33 young (67584K), 33 survivors (67584K)
 Metaspace       used 191543K, committed 194304K, reserved 1048576K
  class space    used 23880K, committed 25280K, reserved 851968K
}
Event: 623.828 GC heap before
{Heap before GC invocations=144 (full 0):
 garbage-first heap   total 931840K, used 804274K [0x0000000700000000, 0x0000000800000000)
  region size 2048K, 234 young (479232K), 33 survivors (67584K)
 Metaspace       used 198037K, committed 200832K, reserved 1048576K
  class space    used 25088K, committed 26496K, reserved 851968K
}
Event: 623.875 GC heap after
{Heap after GC invocations=145 (full 0):
 garbage-first heap   total 950272K, used 470291K [0x0000000700000000, 0x0000000800000000)
  region size 2048K, 30 young (61440K), 30 survivors (61440K)
 Metaspace       used 198037K, committed 200832K, reserved 1048576K
  class space    used 25088K, committed 26496K, reserved 851968K
}
Event: 624.641 GC heap before
{Heap before GC invocations=146 (full 0):
 garbage-first heap   total 950272K, used 820499K [0x0000000700000000, 0x0000000800000000)
  region size 2048K, 202 young (413696K), 30 survivors (61440K)
 Metaspace       used 202593K, committed 205440K, reserved 1048576K
  class space    used 25909K, committed 27392K, reserved 851968K
}
Event: 624.676 GC heap after
{Heap after GC invocations=147 (full 0):
 garbage-first heap   total 950272K, used 521785K [0x0000000700000000, 0x0000000800000000)
  region size 2048K, 22 young (45056K), 22 survivors (45056K)
 Metaspace       used 202593K, committed 205440K, reserved 1048576K
  class space    used 25909K, committed 27392K, reserved 851968K
}
Event: 625.139 GC heap before
{Heap before GC invocations=147 (full 0):
 garbage-first heap   total 950272K, used 837177K [0x0000000700000000, 0x0000000800000000)
  region size 2048K, 177 young (362496K), 22 survivors (45056K)
 Metaspace       used 204147K, committed 206976K, reserved 1048576K
  class space    used 26094K, committed 27520K, reserved 851968K
}
Event: 625.159 GC heap after
{Heap after GC invocations=148 (full 0):
 garbage-first heap   total 950272K, used 535519K [0x0000000700000000, 0x0000000800000000)
  region size 2048K, 10 young (20480K), 10 survivors (20480K)
 Metaspace       used 204147K, committed 206976K, reserved 1048576K
  class space    used 26094K, committed 27520K, reserved 851968K
}
Event: 625.574 GC heap before
{Heap before GC invocations=148 (full 0):
 garbage-first heap   total 950272K, used 852959K [0x0000000700000000, 0x0000000800000000)
  region size 2048K, 166 young (339968K), 10 survivors (20480K)
 Metaspace       used 205420K, committed 208256K, reserved 1048576K
  class space    used 26291K, committed 27712K, reserved 851968K
}
Event: 625.586 GC heap after
{Heap after GC invocations=149 (full 0):
 garbage-first heap   total 950272K, used 547495K [0x0000000700000000, 0x0000000800000000)
  region size 2048K, 16 young (32768K), 16 survivors (32768K)
 Metaspace       used 205420K, committed 208256K, reserved 1048576K
  class space    used 26291K, committed 27712K, reserved 851968K
}

Dll operation events (15 events):
Event: 0.012 Loaded shared library C:\Program Files\Java\jdk-21\bin\java.dll
Event: 0.040 Loaded shared library C:\Program Files\Java\jdk-21\bin\jsvml.dll
Event: 0.069 Loaded shared library C:\Program Files\Java\jdk-21\bin\zip.dll
Event: 0.072 Loaded shared library C:\Program Files\Java\jdk-21\bin\instrument.dll
Event: 0.076 Loaded shared library C:\Program Files\Java\jdk-21\bin\net.dll
Event: 0.078 Loaded shared library C:\Program Files\Java\jdk-21\bin\nio.dll
Event: 0.080 Loaded shared library C:\Program Files\Java\jdk-21\bin\zip.dll
Event: 0.237 Loaded shared library C:\Program Files\Java\jdk-21\bin\jimage.dll
Event: 0.336 Loaded shared library C:\Program Files\Java\jdk-21\bin\verify.dll
Event: 0.468 Loaded shared library D:\GradleHome\native\c067742578af261105cb4f569cf0c3c89f3d7b1fecec35dd04571415982c5e48\windows-amd64\native-platform.dll
Event: 0.646 Loaded shared library D:\GradleHome\native\100fb08df4bc3b14c8652ba06237920a3bd2aa13389f12d3474272988ae205f9\windows-amd64\native-platform-file-events.dll
Event: 19.697 Loaded shared library C:\Program Files\Java\jdk-21\bin\management.dll
Event: 19.700 Loaded shared library C:\Program Files\Java\jdk-21\bin\management_ext.dll
Event: 19.885 Loaded shared library C:\Program Files\Java\jdk-21\bin\extnet.dll
Event: 20.087 Loaded shared library C:\Program Files\Java\jdk-21\bin\sunmscapi.dll

Deoptimization events (20 events):
Event: 625.440 Thread 0x000001bd9c665ba0 Uncommon trap: trap_request=0xffffff45 fr.pc=0x000001bdba58a73c relative=0x00000000000007bc
Event: 625.440 Thread 0x000001bd9c665ba0 Uncommon trap: reason=unstable_if action=reinterpret pc=0x000001bdba58a73c method=java.util.stream.SpinedBuffer.clear()V @ 4 c2
Event: 625.440 Thread 0x000001bd9c665ba0 DEOPT PACKING pc=0x000001bdba58a73c sp=0x00000088085fa1a0
Event: 625.440 Thread 0x000001bd9c665ba0 DEOPT UNPACKING pc=0x000001bdb8ea46a2 sp=0x00000088085fa100 mode 2
Event: 625.458 Thread 0x000001bd9c664e80 Uncommon trap: trap_request=0xffffffde fr.pc=0x000001bdb99679cc relative=0x0000000000001e0c
Event: 625.458 Thread 0x000001bd9c664e80 Uncommon trap: reason=class_check action=maybe_recompile pc=0x000001bdb99679cc method=com.google.common.collect.MapMakerInternalMap$Segment.put(Ljava/lang/Object;ILjava/lang/Object;Z)Ljava/lang/Object; @ 118 c2
Event: 625.458 Thread 0x000001bd9c664e80 DEOPT PACKING pc=0x000001bdb99679cc sp=0x00000088083fbd70
Event: 625.458 Thread 0x000001bd9c664e80 DEOPT UNPACKING pc=0x000001bdb8ea46a2 sp=0x00000088083fbb68 mode 2
Event: 625.805 Thread 0x000001bd87e75390 Uncommon trap: trap_request=0xffffffde fr.pc=0x000001bdb99baa48 relative=0x00000000000021e8
Event: 625.805 Thread 0x000001bd87e75390 Uncommon trap: reason=class_check action=maybe_recompile pc=0x000001bdb99baa48 method=com.android.tools.r8.internal.XV.b(Lcom/android/tools/r8/internal/Ko;)V @ 265 c2
Event: 625.805 Thread 0x000001bd87e75390 DEOPT PACKING pc=0x000001bdb99baa48 sp=0x00000088066fa0c0
Event: 625.805 Thread 0x000001bd87e75390 DEOPT UNPACKING pc=0x000001bdb8ea46a2 sp=0x00000088066fa088 mode 2
Event: 625.805 Thread 0x000001bd87e75390 Uncommon trap: trap_request=0xffffffde fr.pc=0x000001bdb99baa48 relative=0x00000000000021e8
Event: 625.805 Thread 0x000001bd87e75390 Uncommon trap: reason=class_check action=maybe_recompile pc=0x000001bdb99baa48 method=com.android.tools.r8.internal.XV.b(Lcom/android/tools/r8/internal/Ko;)V @ 265 c2
Event: 625.805 Thread 0x000001bd87e75390 DEOPT PACKING pc=0x000001bdb99baa48 sp=0x00000088066fa0c0
Event: 625.805 Thread 0x000001bd87e75390 DEOPT UNPACKING pc=0x000001bdb8ea46a2 sp=0x00000088066fa088 mode 2
Event: 625.805 Thread 0x000001bd87e75390 Uncommon trap: trap_request=0xffffffde fr.pc=0x000001bdb99baa48 relative=0x00000000000021e8
Event: 625.805 Thread 0x000001bd87e75390 Uncommon trap: reason=class_check action=maybe_recompile pc=0x000001bdb99baa48 method=com.android.tools.r8.internal.XV.b(Lcom/android/tools/r8/internal/Ko;)V @ 265 c2
Event: 625.805 Thread 0x000001bd87e75390 DEOPT PACKING pc=0x000001bdb99baa48 sp=0x00000088066fa0c0
Event: 625.805 Thread 0x000001bd87e75390 DEOPT UNPACKING pc=0x000001bdb8ea46a2 sp=0x00000088066fa088 mode 2

Classes loaded (20 events):
Event: 624.024 Loading class java/util/SortedSet$1
Event: 624.024 Loading class java/util/SortedSet$1 done
Event: 624.034 Loading class java/util/stream/SliceOps
Event: 624.035 Loading class java/util/stream/SliceOps done
Event: 624.035 Loading class java/util/stream/SliceOps$1
Event: 624.036 Loading class java/util/stream/SliceOps$1 done
Event: 624.036 Loading class java/util/stream/SliceOps$1$1
Event: 624.036 Loading class java/util/stream/SliceOps$1$1 done
Event: 624.049 Loading class java/util/PriorityQueue
Event: 624.049 Loading class java/util/PriorityQueue done
Event: 624.067 Loading class java/util/IdentityHashMap$ValueIterator
Event: 624.068 Loading class java/util/IdentityHashMap$ValueIterator done
Event: 624.803 Loading class java/util/IdentityHashMap$EntrySet
Event: 624.804 Loading class java/util/IdentityHashMap$EntrySet done
Event: 625.132 Loading class java/nio/ShortBuffer
Event: 625.133 Loading class java/nio/ShortBuffer done
Event: 625.282 Loading class java/nio/ByteBufferAsShortBufferL
Event: 625.283 Loading class java/nio/ByteBufferAsShortBufferL done
Event: 625.429 Loading class java/util/zip/Adler32
Event: 625.430 Loading class java/util/zip/Adler32 done

Classes unloaded (20 events):
Event: 625.904 Thread 0x000001bdc866cea0 Unloading class 0x000001bdcc904c00 'java/lang/invoke/LambdaForm$DMH+0x000001bdcc904c00'
Event: 625.904 Thread 0x000001bdc866cea0 Unloading class 0x000001bdcc904400 'java/lang/invoke/LambdaForm$DMH+0x000001bdcc904400'
Event: 625.904 Thread 0x000001bdc866cea0 Unloading class 0x000001bdcc8aec00 'java/lang/invoke/LambdaForm$DMH+0x000001bdcc8aec00'
Event: 625.904 Thread 0x000001bdc866cea0 Unloading class 0x000001bdcc8ae800 'java/lang/invoke/LambdaForm$DMH+0x000001bdcc8ae800'
Event: 625.904 Thread 0x000001bdc866cea0 Unloading class 0x000001bdcc8ae400 'java/lang/invoke/LambdaForm$DMH+0x000001bdcc8ae400'
Event: 625.904 Thread 0x000001bdc866cea0 Unloading class 0x000001bdcc8ae000 'java/lang/invoke/LambdaForm$DMH+0x000001bdcc8ae000'
Event: 625.904 Thread 0x000001bdc866cea0 Unloading class 0x000001bdcc8adc00 'java/lang/invoke/LambdaForm$DMH+0x000001bdcc8adc00'
Event: 625.904 Thread 0x000001bdc866cea0 Unloading class 0x000001bdcc8ad800 'java/lang/invoke/LambdaForm$DMH+0x000001bdcc8ad800'
Event: 625.904 Thread 0x000001bdc866cea0 Unloading class 0x000001bdcc8acc00 'java/lang/invoke/LambdaForm$DMH+0x000001bdcc8acc00'
Event: 625.904 Thread 0x000001bdc866cea0 Unloading class 0x000001bdcc8ad000 'java/lang/invoke/LambdaForm$DMH+0x000001bdcc8ad000'
Event: 625.904 Thread 0x000001bdc866cea0 Unloading class 0x000001bdcc8ad400 'java/lang/invoke/LambdaForm$DMH+0x000001bdcc8ad400'
Event: 625.904 Thread 0x000001bdc866cea0 Unloading class 0x000001bdcc8ac800 'java/lang/invoke/LambdaForm$DMH+0x000001bdcc8ac800'
Event: 625.904 Thread 0x000001bdc866cea0 Unloading class 0x000001bdcc8ac400 'java/lang/invoke/LambdaForm$DMH+0x000001bdcc8ac400'
Event: 625.904 Thread 0x000001bdc866cea0 Unloading class 0x000001bdcc839c00 'java/lang/invoke/LambdaForm$DMH+0x000001bdcc839c00'
Event: 625.904 Thread 0x000001bdc866cea0 Unloading class 0x000001bdcc839400 'java/lang/invoke/LambdaForm$DMH+0x000001bdcc839400'
Event: 625.904 Thread 0x000001bdc866cea0 Unloading class 0x000001bdcc838000 'java/lang/invoke/LambdaForm$DMH+0x000001bdcc838000'
Event: 625.904 Thread 0x000001bdc866cea0 Unloading class 0x000001bdcc838c00 'java/lang/invoke/LambdaForm$DMH+0x000001bdcc838c00'
Event: 625.904 Thread 0x000001bdc866cea0 Unloading class 0x000001bdcc839000 'java/lang/invoke/LambdaForm$DMH+0x000001bdcc839000'
Event: 625.904 Thread 0x000001bdc866cea0 Unloading class 0x000001bdcc839800 'java/lang/invoke/LambdaForm$DMH+0x000001bdcc839800'
Event: 625.904 Thread 0x000001bdc866cea0 Unloading class 0x000001bdcc838800 'java/lang/invoke/LambdaForm$DMH+0x000001bdcc838800'

Classes redefined (0 events):
No events

Internal exceptions (20 events):
Event: 624.106 Thread 0x000001bd87e78ea0 Exception <a 'java/lang/NoSuchMethodError'{0x0000000732966f70}: 'int java.lang.invoke.DirectMethodHandle$Holder.invokeSpecial(java.lang.Object, java.lang.Object, java.lang.Object, int, java.lang.Object)'> (0x0000000732966f70) 
thrown [s\open\src\hotspot\share\interpreter\linkResolver.cpp, line 773]
Event: 624.106 Thread 0x000001bd87e78810 Exception <a 'java/lang/NoSuchMethodError'{0x000000073027b388}: 'int java.lang.invoke.DirectMethodHandle$Holder.invokeSpecial(java.lang.Object, java.lang.Object, java.lang.Object, int, java.lang.Object)'> (0x000000073027b388) 
thrown [s\open\src\hotspot\share\interpreter\linkResolver.cpp, line 773]
Event: 624.106 Thread 0x000001bd9c664e80 Exception <a 'java/lang/NoSuchMethodError'{0x0000000730c26e28}: 'int java.lang.invoke.DirectMethodHandle$Holder.invokeSpecial(java.lang.Object, java.lang.Object, java.lang.Object, int, java.lang.Object)'> (0x0000000730c26e28) 
thrown [s\open\src\hotspot\share\interpreter\linkResolver.cpp, line 773]
Event: 624.106 Thread 0x000001bd87e75390 Exception <a 'java/lang/NoSuchMethodError'{0x00000007302063a8}: 'int java.lang.invoke.DirectMethodHandle$Holder.invokeSpecial(java.lang.Object, java.lang.Object, java.lang.Object, int, java.lang.Object)'> (0x00000007302063a8) 
thrown [s\open\src\hotspot\share\interpreter\linkResolver.cpp, line 773]
Event: 624.208 Thread 0x000001bd87e78180 Exception <a 'java/lang/NoSuchMethodError'{0x000000072de0bea8}: 'void java.lang.invoke.DirectMethodHandle$Holder.invokeStatic(java.lang.Object, java.lang.Object, java.lang.Object, java.lang.Object, java.lang.Object, java.lang.Object, java.lang.Object)'> (0x000000072de0bea8) 
thrown [s\open\src\hotspot\share\interpreter\linkResolver.cpp, line 773]
Event: 624.292 Thread 0x000001bd87e78810 Exception <a 'java/lang/NoSuchMethodError'{0x000000072b063cc8}: 'java.lang.Object java.lang.invoke.DirectMethodHandle$Holder.invokeInterface(java.lang.Object, java.lang.Object, int)'> (0x000000072b063cc8) 
thrown [s\open\src\hotspot\share\interpreter\linkResolver.cpp, line 773]
Event: 624.500 Thread 0x000001bd9c666f50 Exception <a 'java/lang/NoSuchMethodError'{0x0000000724ffb3d8}: 'java.lang.Object java.lang.invoke.DirectMethodHandle$Holder.newInvokeSpecial(java.lang.Object, java.lang.Object, int, java.lang.Object, java.lang.Object, java.lang.Object)'> (0x0000000724ffb3d8) 
thrown [s\open\src\hotspot\share\interpreter\linkResolver.cpp, line 773]
Event: 624.507 Thread 0x000001bd9c666f50 Exception <a 'java/lang/NoSuchMethodError'{0x00000007245a6950}: 'void java.lang.invoke.DirectMethodHandle$Holder.invokeSpecial(java.lang.Object, java.lang.Object, java.lang.Object, int, java.lang.Object, java.lang.Object, java.lang.Object, java.lang.Object)'> (0x00000007245a6950) 
thrown [s\open\src\hotspot\share\interpreter\linkResolver.cpp, line 773]
Event: 624.516 Thread 0x000001bd9c6668c0 Exception <a 'java/lang/IncompatibleClassChangeError'{0x000000072405ace0}: Found class java.lang.Object, but interface was expected> (0x000000072405ace0) 
thrown [s\open\src\hotspot\share\interpreter\linkResolver.cpp, line 840]
Event: 624.534 Thread 0x000001bd9c666230 Exception <a 'java/lang/NoSuchMethodError'{0x0000000723200810}: 'void java.lang.invoke.DirectMethodHandle$Holder.invokeStatic(java.lang.Object, java.lang.Object, java.lang.Object, java.lang.Object, java.lang.Object, java.lang.Object, java.lang.Object, java.lang.Object)'> (0x0000000723200810) 
thrown [s\open\src\hotspot\share\interpreter\linkResolver.cpp, line 773]
Event: 624.534 Thread 0x000001bd9c666f50 Exception <a 'java/lang/NoSuchMethodError'{0x00000007237c1090}: 'void java.lang.invoke.DirectMethodHandle$Holder.invokeStatic(java.lang.Object, java.lang.Object, java.lang.Object, java.lang.Object, java.lang.Object, java.lang.Object, java.lang.Object, java.lang.Object)'> (0x00000007237c1090) 
thrown [s\open\src\hotspot\share\interpreter\linkResolver.cpp, line 773]
Event: 624.918 Thread 0x000001bd87e77af0 Exception <a 'java/lang/NoSuchMethodError'{0x000000072b40eba8}: 'int java.lang.invoke.DirectMethodHandle$Holder.invokeInterface(java.lang.Object, java.lang.Object, int)'> (0x000000072b40eba8) 
thrown [s\open\src\hotspot\share\interpreter\linkResolver.cpp, line 773]
Event: 624.974 Thread 0x000001bd9c666230 Exception <a 'java/lang/IncompatibleClassChangeError'{0x0000000729a53fe0}: Found class java.lang.Object, but interface was expected> (0x0000000729a53fe0) 
thrown [s\open\src\hotspot\share\interpreter\linkResolver.cpp, line 840]
Event: 625.445 Thread 0x000001bd9c662db0 Exception <a 'sun/nio/fs/WindowsException'{0x00000007294db848}> (0x00000007294db848) 
thrown [s\open\src\hotspot\share\prims\jni.cpp, line 520]
Event: 625.445 Thread 0x000001bd9c666f50 Exception <a 'sun/nio/fs/WindowsException'{0x0000000729b74d20}> (0x0000000729b74d20) 
thrown [s\open\src\hotspot\share\prims\jni.cpp, line 520]
Event: 625.445 Thread 0x000001bd9c664e80 Exception <a 'sun/nio/fs/WindowsException'{0x00000007296b6478}> (0x00000007296b6478) 
thrown [s\open\src\hotspot\share\prims\jni.cpp, line 520]
Event: 625.446 Thread 0x000001bd9c666230 Exception <a 'sun/nio/fs/WindowsException'{0x0000000729e83880}> (0x0000000729e83880) 
thrown [s\open\src\hotspot\share\prims\jni.cpp, line 520]
Event: 625.446 Thread 0x000001bd9c6668c0 Exception <a 'sun/nio/fs/WindowsException'{0x0000000729003d40}> (0x0000000729003d40) 
thrown [s\open\src\hotspot\share\prims\jni.cpp, line 520]
Event: 625.446 Thread 0x000001bd9c663440 Exception <a 'sun/nio/fs/WindowsException'{0x00000007293d3430}> (0x00000007293d3430) 
thrown [s\open\src\hotspot\share\prims\jni.cpp, line 520]
Event: 625.557 Thread 0x000001bd87e77af0 Exception <a 'sun/nio/fs/WindowsException'{0x00000007242889f0}> (0x00000007242889f0) 
thrown [s\open\src\hotspot\share\prims\jni.cpp, line 520]

ZGC Phase Switch (0 events):
No events

VM Operations (20 events):
Event: 625.050 Executing VM operation: HandshakeAllThreads (Deoptimize) done
Event: 625.106 Executing VM operation: ICBufferFull
Event: 625.108 Executing VM operation: ICBufferFull done
Event: 625.139 Executing VM operation: G1CollectForAllocation (G1 Evacuation Pause)
Event: 625.161 Executing VM operation: G1CollectForAllocation (G1 Evacuation Pause) done
Event: 625.223 Executing VM operation: HandshakeAllThreads (Deoptimize)
Event: 625.225 Executing VM operation: HandshakeAllThreads (Deoptimize) done
Event: 625.277 Executing VM operation: HandshakeAllThreads (Deoptimize)
Event: 625.280 Executing VM operation: HandshakeAllThreads (Deoptimize) done
Event: 625.366 Executing VM operation: ICBufferFull
Event: 625.367 Executing VM operation: ICBufferFull done
Event: 625.436 Executing VM operation: HandshakeAllThreads (Deoptimize)
Event: 625.437 Executing VM operation: HandshakeAllThreads (Deoptimize) done
Event: 625.540 Executing VM operation: ICBufferFull
Event: 625.570 Executing VM operation: ICBufferFull done
Event: 625.574 Executing VM operation: G1CollectForAllocation (G1 Evacuation Pause)
Event: 625.589 Executing VM operation: G1CollectForAllocation (G1 Evacuation Pause) done
Event: 625.768 Executing VM operation: ICBufferFull
Event: 625.785 Executing VM operation: ICBufferFull done
Event: 625.903 Executing VM operation: G1PauseRemark

Events (20 events):
Event: 625.939 Thread 0x000001bdc866cea0 flushing nmethod 0x000001bdb47e5210
Event: 625.939 Thread 0x000001bdc866cea0 flushing nmethod 0x000001bdb47eaf90
Event: 625.939 Thread 0x000001bdc866cea0 flushing nmethod 0x000001bdb47ee910
Event: 625.939 Thread 0x000001bdc866cea0 flushing nmethod 0x000001bdb4922c10
Event: 625.939 Thread 0x000001bdc866cea0 flushing nmethod 0x000001bdb4923190
Event: 625.939 Thread 0x000001bdc866cea0 flushing nmethod 0x000001bdb4924210
Event: 625.939 Thread 0x000001bdc866cea0 flushing nmethod 0x000001bdb4924690
Event: 625.939 Thread 0x000001bdc866cea0 flushing nmethod 0x000001bdb493a690
Event: 625.939 Thread 0x000001bdc866cea0 flushing nmethod 0x000001bdb493bf10
Event: 625.939 Thread 0x000001bdc866cea0 flushing nmethod 0x000001bdb493c890
Event: 625.939 Thread 0x000001bdc866cea0 flushing nmethod 0x000001bdb493cd10
Event: 625.939 Thread 0x000001bdc866cea0 flushing nmethod 0x000001bdb493e010
Event: 625.939 Thread 0x000001bdc866cea0 flushing nmethod 0x000001bdb493e410
Event: 625.939 Thread 0x000001bdc866cea0 flushing nmethod 0x000001bdb4940c90
Event: 625.939 Thread 0x000001bdc866cea0 flushing nmethod 0x000001bdb4959e10
Event: 625.939 Thread 0x000001bdc866cea0 flushing nmethod 0x000001bdb495b510
Event: 625.939 Thread 0x000001bdc866cea0 flushing nmethod 0x000001bdb495c110
Event: 625.939 Thread 0x000001bdc866cea0 flushing nmethod 0x000001bdb495c590
Event: 625.939 Thread 0x000001bdc866cea0 flushing nmethod 0x000001bdb495d610
Event: 625.939 Thread 0x000001bdc866cea0 flushing nmethod 0x000001bdb495db90


Dynamic libraries:
0x00007ff6ab9a0000 - 0x00007ff6ab9b0000 	C:\Program Files\Java\jdk-21\bin\java.exe
0x00007ff82f780000 - 0x00007ff82f9e6000 	C:\WINDOWS\SYSTEM32\ntdll.dll
0x00007ff82e240000 - 0x00007ff82e309000 	C:\WINDOWS\System32\KERNEL32.DLL
0x00007ff82ce60000 - 0x00007ff82d25f000 	C:\WINDOWS\System32\KERNELBASE.dll
0x00007ff82cc10000 - 0x00007ff82cd5c000 	C:\WINDOWS\System32\ucrtbase.dll
0x00007ff815900000 - 0x00007ff81591b000 	C:\Program Files\Java\jdk-21\bin\VCRUNTIME140.dll
0x00007ff8158e0000 - 0x00007ff8158f9000 	C:\Program Files\Java\jdk-21\bin\jli.dll
0x00007ff82d990000 - 0x00007ff82da4c000 	C:\WINDOWS\System32\ADVAPI32.dll
0x00007ff82dcc0000 - 0x00007ff82dd69000 	C:\WINDOWS\System32\msvcrt.dll
0x00007ff82e380000 - 0x00007ff82e42a000 	C:\WINDOWS\System32\sechost.dll
0x00007ff82d690000 - 0x00007ff82d7a8000 	C:\WINDOWS\System32\RPCRT4.dll
0x00007ff82e430000 - 0x00007ff82e5f6000 	C:\WINDOWS\System32\USER32.dll
0x00007ff82ce30000 - 0x00007ff82ce57000 	C:\WINDOWS\System32\win32u.dll
0x00007ff8051a0000 - 0x00007ff805431000 	C:\WINDOWS\WinSxS\amd64_microsoft.windows.common-controls_6595b64144ccf1df_6.0.26100.8972_none_3e0da176e32f9d4b\COMCTL32.dll
0x00007ff82df00000 - 0x00007ff82df2b000 	C:\WINDOWS\System32\GDI32.dll
0x00007ff82c990000 - 0x00007ff82cab9000 	C:\WINDOWS\System32\gdi32full.dll
0x00007ff82d400000 - 0x00007ff82d4a3000 	C:\WINDOWS\System32\msvcp_win.dll
0x00007ff8188a0000 - 0x00007ff8188ab000 	C:\WINDOWS\SYSTEM32\VERSION.dll
0x00007ff82d4b0000 - 0x00007ff82d4e2000 	C:\WINDOWS\System32\IMM32.DLL
0x00007ff816a40000 - 0x00007ff816a4c000 	C:\Program Files\Java\jdk-21\bin\vcruntime140_1.dll
0x00007ff815850000 - 0x00007ff8158de000 	C:\Program Files\Java\jdk-21\bin\msvcp140.dll
0x00007fff732a0000 - 0x00007fff73fbd000 	C:\Program Files\Java\jdk-21\bin\server\jvm.dll
0x00007ff82dd80000 - 0x00007ff82de02000 	C:\WINDOWS\System32\WS2_32.dll
0x00007ff82c7f0000 - 0x00007ff82c84e000 	C:\WINDOWS\SYSTEM32\POWRPROF.dll
0x00007ff820e20000 - 0x00007ff820e56000 	C:\WINDOWS\SYSTEM32\WINMM.dll
0x00007ff82c7d0000 - 0x00007ff82c7e5000 	C:\WINDOWS\SYSTEM32\UMPDC.dll
0x00007ff82b680000 - 0x00007ff82b69b000 	C:\WINDOWS\SYSTEM32\kernel.appcore.dll
0x00007ff815840000 - 0x00007ff81584a000 	C:\Program Files\Java\jdk-21\bin\jimage.dll
0x00007ff82a0b0000 - 0x00007ff82a2f2000 	C:\WINDOWS\SYSTEM32\DBGHELP.DLL
0x00007ff82ea90000 - 0x00007ff82ee15000 	C:\WINDOWS\System32\combase.dll
0x00007ff82de10000 - 0x00007ff82dee9000 	C:\WINDOWS\System32\OLEAUT32.dll
0x00007ff8000a0000 - 0x00007ff8000db000 	C:\WINDOWS\SYSTEM32\dbgcore.DLL
0x00007ff82cd70000 - 0x00007ff82ce1c000 	C:\WINDOWS\System32\bcryptPrimitives.dll
0x00007ff80d8c0000 - 0x00007ff80d8cf000 	C:\Program Files\Java\jdk-21\bin\instrument.dll
0x00007ff813fa0000 - 0x00007ff813fbf000 	C:\Program Files\Java\jdk-21\bin\java.dll
0x00007ff82ef80000 - 0x00007ff82f708000 	C:\WINDOWS\System32\SHELL32.dll
0x00007ff82a410000 - 0x00007ff82acab000 	C:\WINDOWS\SYSTEM32\windows.storage.dll
0x00007ff82ee80000 - 0x00007ff82ef79000 	C:\WINDOWS\System32\SHCORE.dll
0x00007ff82e310000 - 0x00007ff82e376000 	C:\WINDOWS\System32\shlwapi.dll
0x00007ff82c8b0000 - 0x00007ff82c8d9000 	C:\WINDOWS\SYSTEM32\profapi.dll
0x00007fffe4f90000 - 0x00007fffe5067000 	C:\Program Files\Java\jdk-21\bin\jsvml.dll
0x00007ff80c060000 - 0x00007ff80c078000 	C:\Program Files\Java\jdk-21\bin\zip.dll
0x00007ff815830000 - 0x00007ff815840000 	C:\Program Files\Java\jdk-21\bin\net.dll
0x00007ff820be0000 - 0x00007ff820d08000 	C:\WINDOWS\SYSTEM32\WINHTTP.dll
0x00007ff82bc30000 - 0x00007ff82bc9c000 	C:\WINDOWS\system32\mswsock.dll
0x00007ff80ce30000 - 0x00007ff80ce46000 	C:\Program Files\Java\jdk-21\bin\nio.dll
0x00007ff812010000 - 0x00007ff812020000 	C:\Program Files\Java\jdk-21\bin\verify.dll
0x00007ffffd720000 - 0x00007ffffd747000 	D:\GradleHome\native\c067742578af261105cb4f569cf0c3c89f3d7b1fecec35dd04571415982c5e48\windows-amd64\native-platform.dll
0x00007fff9b9f0000 - 0x00007fff9bb34000 	D:\GradleHome\native\100fb08df4bc3b14c8652ba06237920a3bd2aa13389f12d3474272988ae205f9\windows-amd64\native-platform-file-events.dll
0x00007ff811df0000 - 0x00007ff811dfa000 	C:\Program Files\Java\jdk-21\bin\management.dll
0x00007ff80fb50000 - 0x00007ff80fb5b000 	C:\Program Files\Java\jdk-21\bin\management_ext.dll
0x00007ff82d4f0000 - 0x00007ff82d4f8000 	C:\WINDOWS\System32\PSAPI.DLL
0x00007ff82bf20000 - 0x00007ff82bf3b000 	C:\WINDOWS\SYSTEM32\CRYPTSP.dll
0x00007ff82b5e0000 - 0x00007ff82b619000 	C:\WINDOWS\system32\rsaenh.dll
0x00007ff82bce0000 - 0x00007ff82bd12000 	C:\WINDOWS\SYSTEM32\USERENV.dll
0x00007ff82c880000 - 0x00007ff82c8aa000 	C:\WINDOWS\SYSTEM32\bcrypt.dll
0x00007ff82bf40000 - 0x00007ff82bf4c000 	C:\WINDOWS\SYSTEM32\CRYPTBASE.dll
0x00007ff82b060000 - 0x00007ff82b093000 	C:\WINDOWS\SYSTEM32\IPHLPAPI.DLL
0x00007ff82dd70000 - 0x00007ff82dd7a000 	C:\WINDOWS\System32\NSI.dll
0x00007ff80d990000 - 0x00007ff80d999000 	C:\Program Files\Java\jdk-21\bin\extnet.dll
0x00007ff80d790000 - 0x00007ff80d79e000 	C:\Program Files\Java\jdk-21\bin\sunmscapi.dll
0x00007ff82d270000 - 0x00007ff82d3ee000 	C:\WINDOWS\System32\CRYPT32.dll
0x00007ff82c160000 - 0x00007ff82c190000 	C:\WINDOWS\SYSTEM32\ncrypt.dll
0x00007ff82c110000 - 0x00007ff82c14f000 	C:\WINDOWS\SYSTEM32\NTASN1.dll
0x00007ffff2da0000 - 0x00007ffff2da8000 	C:\WINDOWS\system32\wshunix.dll
0x00007ff82b100000 - 0x00007ff82b258000 	C:\WINDOWS\SYSTEM32\DNSAPI.dll
0x00007ff82ba10000 - 0x00007ff82ba1d000 	C:\WINDOWS\SYSTEM32\DSPARSE.dll
0x00007ff81f750000 - 0x00007ff81f75b000 	C:\Windows\System32\rasadhlp.dll
0x00007ff8231d0000 - 0x00007ff823256000 	C:\WINDOWS\System32\fwpuclnt.dll
0x00007ffff9d40000 - 0x00007ffff9d58000 	C:\WINDOWS\system32\napinsp.dll
0x00007ffff9d20000 - 0x00007ffff9d33000 	C:\WINDOWS\System32\winrnr.dll
0x00007ffff8030000 - 0x00007ffff8052000 	C:\WINDOWS\system32\nlansp_c.dll
0x00007ff81a3f0000 - 0x00007ff81a406000 	C:\WINDOWS\system32\wshbth.dll
0x00007ff82b7b0000 - 0x00007ff82b7e6000 	C:\WINDOWS\SYSTEM32\ntmarta.dll

dbghelp: loaded successfully - version: 4.0.5 - missing functions: none
symbol engine: initialized successfully - sym options: 0x614 - pdb path: .;C:\Program Files\Java\jdk-21\bin;C:\WINDOWS\SYSTEM32;C:\WINDOWS\WinSxS\amd64_microsoft.windows.common-controls_6595b64144ccf1df_6.0.26100.8972_none_3e0da176e32f9d4b;C:\Program Files\Java\jdk-21\bin\server;D:\GradleHome\native\c067742578af261105cb4f569cf0c3c89f3d7b1fecec35dd04571415982c5e48\windows-amd64;D:\GradleHome\native\100fb08df4bc3b14c8652ba06237920a3bd2aa13389f12d3474272988ae205f9\windows-amd64

VM Arguments:
jvm_args: -XX:MaxMetaspaceSize=1024m -XX:+HeapDumpOnOutOfMemoryError --add-opens=java.base/java.util=ALL-UNNAMED --add-opens=java.base/java.lang=ALL-UNNAMED --add-opens=java.base/java.lang.invoke=ALL-UNNAMED --add-opens=java.prefs/java.util.prefs=ALL-UNNAMED --add-exports=jdk.compiler/com.sun.tools.javac.api=ALL-UNNAMED --add-exports=jdk.compiler/com.sun.tools.javac.util=ALL-UNNAMED --add-opens=java.base/java.nio.charset=ALL-UNNAMED --add-opens=java.base/java.net=ALL-UNNAMED --add-opens=java.base/java.util.concurrent.atomic=ALL-UNNAMED -Xmx4096m -Dfile.encoding=UTF-8 -Duser.country=IN -Duser.language=en -Duser.variant -javaagent:D:\GradleHome\wrapper\dists\gradle-8.9-bin\90cnw93cvbtalezasaz0blq0a\gradle-8.9\lib\agents\gradle-instrumentation-agent-8.9.jar 
java_command: org.gradle.launcher.daemon.bootstrap.GradleDaemon 8.9
java_class_path (initial): D:\GradleHome\wrapper\dists\gradle-8.9-bin\90cnw93cvbtalezasaz0blq0a\gradle-8.9\lib\gradle-daemon-main-8.9.jar
Launcher Type: SUN_STANDARD

[Global flags]
     intx CICompilerCount                          = 12                                        {product} {ergonomic}
   size_t CompressedClassSpaceSize                 = 872415232                                 {product} {ergonomic}
     uint ConcGCThreads                            = 3                                         {product} {ergonomic}
     uint G1ConcRefinementThreads                  = 13                                        {product} {ergonomic}
   size_t G1HeapRegionSize                         = 2097152                                   {product} {ergonomic}
    uintx GCDrainStackTargetSize                   = 64                                        {product} {ergonomic}
     bool HeapDumpOnOutOfMemoryError               = true                                   {manageable} {command line}
   size_t InitialHeapSize                          = 264241152                                 {product} {ergonomic}
   size_t MarkStackSize                            = 4194304                                   {product} {ergonomic}
   size_t MaxHeapSize                              = 4294967296                                {product} {command line}
   size_t MaxMetaspaceSize                         = 1073741824                                {product} {command line}
   size_t MaxNewSize                               = 2575302656                                {product} {ergonomic}
   size_t MinHeapDeltaBytes                        = 2097152                                   {product} {ergonomic}
   size_t MinHeapSize                              = 8388608                                   {product} {ergonomic}
    uintx NonNMethodCodeHeapSize                   = 7602480                                {pd product} {ergonomic}
    uintx NonProfiledCodeHeapSize                  = 122027880                              {pd product} {ergonomic}
    uintx ProfiledCodeHeapSize                     = 122027880                              {pd product} {ergonomic}
    uintx ReservedCodeCacheSize                    = 251658240                              {pd product} {ergonomic}
     bool SegmentedCodeCache                       = true                                      {product} {ergonomic}
   size_t SoftMaxHeapSize                          = 4294967296                             {manageable} {ergonomic}
     bool UseCompressedOops                        = true                           {product lp64_product} {ergonomic}
     bool UseG1GC                                  = true                                      {product} {ergonomic}
     bool UseLargePagesIndividualAllocation        = false                                  {pd product} {ergonomic}

Logging:
Log output configuration:
 #0: stdout all=warning uptime,level,tags foldmultilines=false
 #1: stderr all=off uptime,level,tags foldmultilines=false

Environment Variables:
JAVA_HOME=C:\Program Files\Java\jdk-21
PATH=C:/Users/sangh/.gemini/antigravity/bin;C:\Users\sangh\AppData\Roaming\Antigravity\bin;C:\Program Files\Common Files\Oracle\Java\javapath;C:\WINDOWS\system32;C:\WINDOWS;C:\WINDOWS\System32\Wbem;C:\WINDOWS\System32\WindowsPowerShell\v1.0\;C:\WINDOWS\System32\OpenSSH\;C:\Program Files (x86)\Windows Kits\10\Windows Performance Toolkit\;C:\Program Files\dotnet\;C:\Program Files\nodejs\;C:\Program Files\Git\cmd;C:\Program Files\Microsoft SQL Server\170\Tools\Binn\;C:\Program Files\Microsoft SQL Server\Client SDK\ODBC\170\Tools\Binn\;C:\Program Files\MySQL\MySQL Shell 8.0\bin\;C:\Users\sangh\AppData\Local\Programs\Python\Python313\Scripts\;C:\Users\sangh\AppData\Local\Programs\Python\Python313\;C:\Users\sangh\AppData\Local\Programs\Python\Launcher\;C:\Users\sangh\AppData\Local\Microsoft\WindowsApps;C:\Users\sangh\AppData\Local\Programs\Microsoft VS Code\bin;C:\Users\sangh\AppData\Roaming\npm;C:\Users\sangh\.dotnet\tools;C:\Users\sangh\AppData\Local\Programs\cursor\resources\app\bin
USERNAME=sangh
OS=Windows_NT
PROCESSOR_IDENTIFIER=Intel64 Family 6 Model 186 Stepping 2, GenuineIntel
TMP=C:\Users\sangh\AppData\Local\Temp
TEMP=C:\Users\sangh\AppData\Local\Temp




Periodic native trim disabled

---------------  S Y S T E M  ---------------

OS:
 Windows 11 , 64 bit Build 26100 (10.0.26100.9168)
OS uptime: 12 days 1:18 hours
Hyper-V role detected

CPU: total 16 (initial active 16) (8 cores per cpu, 2 threads per core) family 6 model 186 stepping 2 microcode 0x410e, cx8, cmov, fxsr, ht, mmx, 3dnowpref, sse, sse2, sse3, ssse3, sse4.1, sse4.2, popcnt, lzcnt, tsc, tscinvbit, avx, avx2, aes, erms, clmul, bmi1, bmi2, adx, sha, fma, vzeroupper, clflush, clflushopt, clwb, hv, serialize, rdtscp, rdpid, fsrm, f16c, cet_ibt, cet_ss
Processor Information for processor 0
  Max Mhz: 2600, Current Mhz: 2600, Mhz Limit: 2600
Processor Information for processor 1
  Max Mhz: 2600, Current Mhz: 2600, Mhz Limit: 2600
Processor Information for processor 2
  Max Mhz: 2600, Current Mhz: 2600, Mhz Limit: 2600
Processor Information for processor 3
  Max Mhz: 2600, Current Mhz: 2600, Mhz Limit: 2600
Processor Information for processor 4
  Max Mhz: 2600, Current Mhz: 2600, Mhz Limit: 2600
Processor Information for processor 5
  Max Mhz: 2600, Current Mhz: 2600, Mhz Limit: 2600
Processor Information for processor 6
  Max Mhz: 2600, Current Mhz: 2600, Mhz Limit: 2600
Processor Information for processor 7
  Max Mhz: 2600, Current Mhz: 2600, Mhz Limit: 2600
Processor Information for processor 8
  Max Mhz: 2600, Current Mhz: 1500, Mhz Limit: 1898
Processor Information for processor 9
  Max Mhz: 2600, Current Mhz: 1500, Mhz Limit: 1898
Processor Information for processor 10
  Max Mhz: 2600, Current Mhz: 1500, Mhz Limit: 1898
Processor Information for processor 11
  Max Mhz: 2600, Current Mhz: 1900, Mhz Limit: 1898
Processor Information for processor 12
  Max Mhz: 2600, Current Mhz: 1900, Mhz Limit: 1898
Processor Information for processor 13
  Max Mhz: 2600, Current Mhz: 1900, Mhz Limit: 1898
Processor Information for processor 14
  Max Mhz: 2600, Current Mhz: 1500, Mhz Limit: 1898
Processor Information for processor 15
  Max Mhz: 2600, Current Mhz: 1900, Mhz Limit: 1898

Memory: 4k page, system-wide physical 16071M (964M free)
TotalPageFile size 24885M (AvailPageFile size 224M)
current process WorkingSet (physical memory assigned to process): 1517M, peak: 1666M
current process commit charge ("private bytes"): 1575M, peak: 1805M

vm_info: Java HotSpot(TM) 64-Bit Server VM (21.0.8+12-LTS-250) for windows-amd64 JRE (21.0.8+12-LTS-250), built on 2025-06-27T08:11:22Z by "mach5one" with MS VC++ 17.6 (VS2022)

END.
